,pmid,doi,issn,pub_year,is_oa,landing_url,pdf_url,is_accepted,is_published,is_retracted,cited_by_count,referenced_count
0,11100151,10.1038/81834,1097-6256,2000,True,https://doi.org/10.1038/81834,https://www.nature.com/articles/nn1200_1301.pdf,True,True,False,3636,42
1,19270050,10.1093/aje/kwp006,0002-9262,2009,True,https://doi.org/10.1093/aje/kwp006,https://academic.oup.com/aje/article-pdf/169/8/919/232178/kwp006.pdf,True,True,False,563,37
2,16802290,10.1002/ana.20904,0364-5134,2006,False,https://doi.org/10.1002/ana.20904,,True,True,False,442,52
3,16451848,10.1289/ehp.8095,0091-6765,2005,True,https://doi.org/10.1289/ehp.8095,,True,True,False,427,122
4,24503016,10.1016/j.toxlet.2014.01.039,0378-4274,2014,False,https://doi.org/10.1016/j.toxlet.2014.01.039,,True,True,False,385,304
5,7517654,10.1002/ana.410360119,0364-5134,1994,False,https://doi.org/10.1002/ana.410360119,,True,True,False,354,22
6,21505849,10.1007/s10654-011-9574-5,0393-2990,2011,False,https://doi.org/10.1007/s10654-011-9574-5,,True,True,False,337,39
7,17116648,10.1093/aje/kwk024,0002-9262,2006,False,https://doi.org/10.1093/aje/kwk024,,True,True,False,335,51
8,11022853,,,2000,False,https://pubmed.ncbi.nlm.nih.gov/11022853,,True,True,False,320,0
9,9802272,10.1016/s0140-6736(98)03453-9,0140-6736,1998,False,https://doi.org/10.1016/s0140-6736(98)03453-9,,True,True,False,315,31
10,18453001,10.1016/j.tips.2008.03.007,0165-6147,2008,False,https://doi.org/10.1016/j.tips.2008.03.007,,True,True,False,309,76
11,12615605,10.1093/aje/kwf216,0002-9262,2003,True,https://doi.org/10.1093/aje/kwf216,https://academic.oup.com/aje/article-pdf/157/5/409/172742/kwf216.pdf,True,True,False,299,22
12,18373838,10.1186/1471-2377-8-6,1471-2377,2008,True,https://doi.org/10.1186/1471-2377-8-6,https://bmcneurol.biomedcentral.com/counter/pdf/10.1186/1471-2377-8-6,True,True,False,286,41
13,21601587,10.1016/j.taap.2011.05.006,0041-008X,2011,False,https://doi.org/10.1016/j.taap.2011.05.006,,True,True,False,273,47
14,22627180,10.1016/j.neuro.2012.05.011,0161-813X,2012,False,https://doi.org/10.1016/j.neuro.2012.05.011,,True,True,False,254,112
15,20542017,10.1016/j.cbi.2010.06.003,0009-2797,2010,False,https://doi.org/10.1016/j.cbi.2010.06.003,,True,True,False,240,209
16,19042691,10.1080/10599240801986215,1059-924X,2008,False,https://doi.org/10.1080/10599240801986215,,True,True,False,233,62
17,14991823,10.1002/ana.20051,0364-5134,2004,False,https://doi.org/10.1002/ana.20051,,True,True,False,207,20
18,20049211,10.1289/ehp.0900852,0091-6765,2009,True,https://doi.org/10.1289/ehp.0900852,https://ehp.niehs.nih.gov/doi/epdf/10.1289/ehp.0900852,True,True,False,195,49
19,19590691,10.1289/ehp.0800277,0091-6765,2009,True,https://doi.org/10.1289/ehp.0800277,,True,True,False,182,41
20,9810958,10.1136/jnnp.65.5.781,0022-3050,1998,True,https://doi.org/10.1136/jnnp.65.5.781,https://jnnp.bmj.com/content/jnnp/65/5/781.full.pdf,True,True,False,170,29
21,29136149,10.1093/ije/dyx225,0300-5771,2017,True,https://doi.org/10.1093/ije/dyx225,https://academic.oup.com/ije/article-pdf/47/1/299/25906646/dyx225.pdf,True,True,False,153,28
22,26857251,10.1007/s40572-016-0083-2,2196-5412,2016,False,https://doi.org/10.1007/s40572-016-0083-2,,True,True,False,147,101
23,21402100,10.1016/j.neuro.2011.03.004,0161-813X,2011,False,https://doi.org/10.1016/j.neuro.2011.03.004,,True,True,False,133,121
24,17242039,10.1093/bmb/ldl018,0007-1420,2006,True,https://doi.org/10.1093/bmb/ldl018,https://academic.oup.com/bmb/article-pdf/79-80/1/219/934362/ldl018.pdf,True,True,False,126,41
25,25461423,10.1016/j.envint.2014.11.002,0160-4120,2014,False,https://doi.org/10.1016/j.envint.2014.11.002,,True,True,False,116,34
26,23295711,10.1016/j.tox.2012.12.016,0300-483X,2013,False,https://doi.org/10.1016/j.tox.2012.12.016,,True,True,False,109,65
27,30319227,10.4103/ijoem.ijoem_45_18,0973-2284,2018,False,https://doi.org/10.4103/ijoem.ijoem_45_18,,True,True,False,99,72
28,37193692,10.1038/s41467-023-38215-z,2041-1723,2023,True,https://doi.org/10.1038/s41467-023-38215-z,https://www.nature.com/articles/s41467-023-38215-z.pdf,True,True,False,82,60
29,32919961,10.1016/j.envres.2020.110186,0013-9351,2020,False,https://doi.org/10.1016/j.envres.2020.110186,,True,True,False,81,54
30,26383258,10.1289/ehp.1408976,0091-6765,2015,True,https://doi.org/10.1289/ehp.1408976,,True,True,False,63,39
31,36526213,10.1016/j.scitotenv.2022.160851,0048-9697,2022,True,https://doi.org/10.1016/j.scitotenv.2022.160851,,True,True,False,37,63
32,37927277,10.3233/jpd-230206,1877-7171,2023,True,https://doi.org/10.3233/jpd-230206,https://content.iospress.com:443/download/journal-of-parkinsons-disease/jpd230206?id=journal-of-parkinsons-disease%2Fjpd230206,True,True,False,31,286
33,38664407,10.1038/s41531-024-00703-4,2373-8057,2024,True,https://doi.org/10.1038/s41531-024-00703-4,https://www.nature.com/articles/s41531-024-00703-4.pdf,True,True,False,20,54
34,10817132,10.1093/ije/29.2.323,0300-5771,2000,False,https://doi.org/10.1093/ije/29.2.323,,True,True,False,202,36
35,12428725,10.1016/s0161-813x(02)00067-0,0161-813X,2002,False,https://doi.org/10.1016/s0161-813x(02)00067-0,,True,True,False,195,43
36,11311359,10.1016/s0166-2236(00)01789-6,0166-2236,2001,False,https://doi.org/10.1016/s0166-2236(00)01789-6,,True,True,False,173,13
37,16626962,10.1016/j.nbd.2006.02.012,0969-9961,2006,False,https://doi.org/10.1016/j.nbd.2006.02.012,,True,True,False,159,57
38,17255333,10.2353/ajpath.2007.060359,0002-9440,2007,True,https://doi.org/10.2353/ajpath.2007.060359,http://ajp.amjpathol.org/article/S0002944010608887/pdf,True,True,False,131,57
39,12902626,10.1159/000071194,0251-5350,2003,False,https://doi.org/10.1159/000071194,,True,True,False,120,36
40,28412655,10.1016/j.biopha.2017.03.100,0753-3322,2017,False,https://doi.org/10.1016/j.biopha.2017.03.100,,True,True,False,104,116
41,24057998,10.1093/ije/dyt170,0300-5771,2013,True,https://doi.org/10.1093/ije/dyt170,https://academic.oup.com/ije/article-pdf/42/5/1476/14150152/dyt170.pdf,True,True,False,102,44
42,16217247,10.1097/01.jom.0000174294.58575.3e,1076-2752,2005,False,https://doi.org/10.1097/01.jom.0000174294.58575.3e,,True,True,False,99,137
43,11511745,10.1136/oem.58.9.582,1351-0711,2001,True,https://doi.org/10.1136/oem.58.9.582,https://oem.bmj.com/content/oemed/58/9/582.full.pdf,True,True,False,99,45
44,25815770,10.1289/ehp.1307970,0091-6765,2015,True,https://doi.org/10.1289/ehp.1307970,,True,True,False,94,26
45,16773614,10.1002/mds.21009,0885-3185,2006,False,https://doi.org/10.1002/mds.21009,,True,True,False,93,22
46,20188092,10.1016/j.expneurol.2010.02.007,0014-4886,2010,False,https://doi.org/10.1016/j.expneurol.2010.02.007,,True,True,False,83,54
47,20472063,10.1016/j.nbd.2010.05.008,0969-9961,2010,False,https://doi.org/10.1016/j.nbd.2010.05.008,,True,True,False,72,94
48,17512982,10.1016/j.neuro.2007.04.003,0161-813X,2007,False,https://doi.org/10.1016/j.neuro.2007.04.003,,True,True,False,67,86
49,23349115,10.1002/jbt.21464,1095-6670,2013,False,https://doi.org/10.1002/jbt.21464,,True,True,False,62,172
50,29168786,10.3390/ijms18122507,1422-0067,2017,True,https://doi.org/10.3390/ijms18122507,https://www.mdpi.com/1422-0067/18/12/2507/pdf?version=1511495382,True,True,False,61,77
51,28460087,10.1093/toxsci/kfx086,1096-0929,2017,True,https://doi.org/10.1093/toxsci/kfx086,https://academic.oup.com/toxsci/article-pdf/158/1/188/25423697/kfx086.pdf,True,True,False,54,68
52,21240453,10.5271/sjweh.3142,0355-3140,2011,True,https://doi.org/10.5271/sjweh.3142,https://www.sjweh.fi/download.php?abstract_id=3142&file_nro=1,True,True,False,50,39
53,28327632,10.1038/jes.2017.3,1559-0631,2017,True,https://doi.org/10.1038/jes.2017.3,https://www.nature.com/articles/jes20173.pdf,True,True,False,49,36
54,24499252,10.1080/19338244.2013.778808,1933-8244,2013,False,https://doi.org/10.1080/19338244.2013.778808,,True,True,False,46,40
55,32552814,10.1186/s12940-020-00624-8,1476-069X,2020,True,https://doi.org/10.1186/s12940-020-00624-8,https://ehjournal.biomedcentral.com/track/pdf/10.1186/s12940-020-00624-8,True,True,False,46,36
56,26457621,10.1016/j.envres.2015.08.022,0013-9351,2015,False,https://doi.org/10.1016/j.envres.2015.08.022,,True,True,False,45,55
57,30740124,10.3389/fgene.2018.00701,1664-8021,2019,True,https://doi.org/10.3389/fgene.2018.00701,,True,True,False,43,168
58,27545685,10.1016/j.parkreldis.2016.08.002,1353-8020,2016,False,https://doi.org/10.1016/j.parkreldis.2016.08.002,,True,True,False,40,23
59,30410011,10.1038/s41598-018-35003-4,2045-2322,2018,True,https://doi.org/10.1038/s41598-018-35003-4,https://www.nature.com/articles/s41598-018-35003-4.pdf,True,True,False,29,47
60,37245816,10.1016/j.scitotenv.2023.164429,0048-9697,2023,False,https://doi.org/10.1016/j.scitotenv.2023.164429,,True,True,False,24,75
61,35550926,10.1016/j.biocel.2022.106225,1357-2725,2022,False,https://doi.org/10.1016/j.biocel.2022.106225,,True,True,False,22,98
62,36395557,10.1016/j.envint.2022.107613,0160-4120,2022,True,https://doi.org/10.1016/j.envint.2022.107613,,True,True,False,17,41
63,38759892,10.1016/j.arr.2024.102340,1568-1637,2024,False,https://doi.org/10.1016/j.arr.2024.102340,,True,True,False,14,269
64,38052871,10.1038/s41531-023-00603-z,2373-8057,2023,True,https://doi.org/10.1038/s41531-023-00603-z,https://www.nature.com/articles/s41531-023-00603-z.pdf,True,True,False,13,7
65,40203643,10.1016/j.chemosphere.2025.144348,0045-6535,2025,True,https://doi.org/10.1016/j.chemosphere.2025.144348,,True,True,False,11,228
66,40558866,10.3390/jox15030083,2039-4705,2025,True,https://doi.org/10.3390/jox15030083,,True,True,False,7,132
67,15468111,10.1002/mds.20307,0885-3185,2004,False,https://doi.org/10.1002/mds.20307,,True,True,False,48,28
68,17119217,10.1196/annals.1371.074,0077-8923,2006,False,https://doi.org/10.1196/annals.1371.074,,True,True,False,48,35
69,17010440,10.1016/j.neuro.2006.08.008,0161-813X,2006,False,https://doi.org/10.1016/j.neuro.2006.08.008,,True,True,False,45,39
70,26515233,10.1111/jrh.12154,0890-765X,2015,False,https://doi.org/10.1111/jrh.12154,,True,True,False,36,41
71,11041276,10.1007/s007020070046,0300-9564,2000,False,https://doi.org/10.1007/s007020070046,,True,True,False,36,14
72,12548372,10.1007/s100720200098,1590-1874,2002,False,https://doi.org/10.1007/s100720200098,,True,True,False,35,8
73,23544381,10.1051/medsci/2013293013,0767-0974,2013,True,https://doi.org/10.1051/medsci/2013293013,https://www.medecinesciences.org/articles/medsci/pdf/2013/04/medsci2013293p273.pdf,True,True,False,31,33
74,16961006,10.3200/aeoh.60.1.32-38,1933-8244,2005,False,https://doi.org/10.3200/aeoh.60.1.32-38,,True,True,False,29,73
75,20338967,10.1093/annhyg/meq014,0003-4878,2010,True,https://doi.org/10.1093/annhyg/meq014,https://academic.oup.com/annweh/article-pdf/54/4/443/765619/meq014.pdf,True,True,False,25,28
76,29209972,10.1007/s11356-017-0875-4,0944-1344,2017,False,https://doi.org/10.1007/s11356-017-0875-4,,True,True,False,25,46
77,23867817,10.1016/j.bbrc.2013.07.018,0006-291X,2013,False,https://doi.org/10.1016/j.bbrc.2013.07.018,,True,True,False,17,26
78,34485711,10.1016/j.bbrep.2021.101110,2405-5808,2021,True,https://doi.org/10.1016/j.bbrep.2021.101110,,True,True,False,17,37
79,37354828,10.1016/j.parkreldis.2023.105493,1353-8020,2023,False,https://doi.org/10.1016/j.parkreldis.2023.105493,,True,True,False,10,4
80,36117858,10.1515/tnsci-2022-0237,2081-3856,2022,True,https://doi.org/10.1515/tnsci-2022-0237,https://www.degruyter.com/document/doi/10.1515/tnsci-2022-0237/pdf,True,True,False,8,93
81,37508933,10.3390/brainsci13071003,2076-3425,2023,True,https://doi.org/10.3390/brainsci13071003,https://www.mdpi.com/2076-3425/13/7/1003/pdf?version=1687936459,True,True,False,8,58
82,38517806,10.3233/jpd-230409,1877-7171,2024,True,https://doi.org/10.3233/jpd-230409,https://content.iospress.com:443/download/journal-of-parkinsons-disease/jpd230409?id=journal-of-parkinsons-disease%2Fjpd230409,True,True,False,6,24
83,25757798,10.1002/mds.26164,0885-3185,2015,False,https://doi.org/10.1002/mds.26164,,True,True,False,17,29
84,22981160,10.1016/j.respe.2012.03.006,0398-7620,2012,False,https://doi.org/10.1016/j.respe.2012.03.006,,True,True,False,15,179
85,23244415,10.2174/1871527311211080009,1871-5273,2013,False,https://doi.org/10.2174/1871527311211080009,,True,True,False,12,2
86,30426251,10.1007/s00702-018-1951-8,0300-9564,2018,False,https://doi.org/10.1007/s00702-018-1951-8,,True,True,False,4,32
87,39188706,10.3389/fneur.2024.1411468,1664-2295,2024,True,https://doi.org/10.3389/fneur.2024.1411468,,True,True,False,4,19
88,38594123,10.1016/j.rmr.2024.03.004,0761-8425,2024,False,https://doi.org/10.1016/j.rmr.2024.03.004,,True,True,False,2,164
89,11148671,10.1097/00019052-200012000-00013,1350-7540,2000,False,https://doi.org/10.1097/00019052-200012000-00013,,True,True,False,41,17
90,21909294,10.3390/ijerph8083114,1660-4601,2011,True,https://doi.org/10.3390/ijerph8083114,https://www.mdpi.com/1660-4601/8/8/3114/pdf?version=1403139353,True,True,False,11,25
91,28418778,10.1080/1059924x.2017.1317684,1059-924X,2017,False,https://doi.org/10.1080/1059924x.2017.1317684,,True,True,False,6,25
92,34754467,10.35371/aoem.2021.33.e6,2052-4374,2021,True,https://doi.org/10.35371/aoem.2021.33.e6,,True,True,False,4,58
93,12376887,10.1007/s00115-002-1394-0,0028-2804,2002,False,https://doi.org/10.1007/s00115-002-1394-0,,True,True,False,2,0
94,16449758,10.1177/0891988705284707,0891-9887,2006,False,https://doi.org/10.1177/0891988705284707,,True,True,False,1,11
95,40777452,10.1101/2025.07.22.666186,,2025,True,https://doi.org/10.1101/2025.07.22.666186,https://www.biorxiv.org/content/biorxiv/early/2025/07/26/2025.07.22.666186.full.pdf,True,False,False,0,38
96,41097493,10.3390/foods14193324,2304-8158,2025,True,https://doi.org/10.3390/foods14193324,,True,True,False,0,75
97,41085610,10.1111/hex.70329,1369-6513,2025,True,https://doi.org/10.1111/hex.70329,https://onlinelibrary.wiley.com/doi/pdfdirect/10.1111/hex.70329,True,True,False,0,29
98,21269927,10.1289/ehp.1002839,0091-6765,2011,True,https://doi.org/10.1289/ehp.1002839,,True,True,False,1392,62
99,9595985,10.1212/wnl.50.5.1346,0028-3878,1998,False,https://doi.org/10.1212/wnl.50.5.1346,,True,True,False,635,23
100,11445065,10.1016/s0014-5793(01)02597-2,0014-5793,2001,True,https://doi.org/10.1016/s0014-5793(01)02597-2,https://onlinelibrary.wiley.com/doi/pdfdirect/10.1016/S0014-5793%2801%2902597-2,True,True,False,346,25
101,17332139,10.1136/oem.2006.027003,1351-0711,2007,True,https://doi.org/10.1136/oem.2006.027003,https://oem.bmj.com/content/oemed/64/10/666.full.pdf,True,True,False,317,39
102,19729209,10.1016/j.tips.2009.06.005,0165-6147,2009,False,https://doi.org/10.1016/j.tips.2009.06.005,,True,True,False,304,65
103,20094060,10.1038/cdd.2009.217,1350-9047,2010,True,https://doi.org/10.1038/cdd.2009.217,https://www.nature.com/articles/cdd2009217.pdf,True,True,False,288,60
104,26687930,10.1016/j.cortex.2015.10.003,0010-9452,2015,False,https://doi.org/10.1016/j.cortex.2015.10.003,,True,True,False,239,104
105,27055126,10.1371/journal.pone.0151841,1932-6203,2016,True,https://doi.org/10.1371/journal.pone.0151841,https://journals.plos.org/plosone/article/file?id=10.1371/journal.pone.0151841&type=printable,True,True,False,232,211
106,17350799,10.1016/j.reprotox.2007.01.007,0890-6238,2007,False,https://doi.org/10.1016/j.reprotox.2007.01.007,,True,True,False,174,134
107,28704700,10.1016/j.envint.2017.07.001,0160-4120,2017,False,https://doi.org/10.1016/j.envint.2017.07.001,,True,True,False,160,28
108,24491970,10.1212/wnl.0000000000000083,0028-3878,2014,True,https://doi.org/10.1212/wnl.0000000000000083,https://n.neurology.org/content/neurology/82/5/419.full.pdf,True,True,False,150,45
109,32358751,10.1007/s11356-020-09045-z,0944-1344,2020,False,https://doi.org/10.1007/s11356-020-09045-z,,True,True,False,148,128
110,22309908,10.1016/j.neuro.2012.01.010,0161-813X,2012,False,https://doi.org/10.1016/j.neuro.2012.01.010,,True,True,False,141,183
111,29729297,10.1016/j.yrtph.2018.05.005,0273-2300,2018,False,https://doi.org/10.1016/j.yrtph.2018.05.005,,True,True,False,136,45
112,21644813,10.1089/neu.2010.1723,0897-7151,2011,False,https://doi.org/10.1089/neu.2010.1723,,True,True,False,130,143
113,24120951,10.1016/j.parkreldis.2013.09.023,1353-8020,2013,False,https://doi.org/10.1016/j.parkreldis.2013.09.023,,True,True,False,122,36
114,24436061,10.1136/oemed-2013-101394,1351-0711,2014,False,https://doi.org/10.1136/oemed-2013-101394,,True,True,False,113,35
115,21658306,10.1177/039463201102400205,0394-6320,2011,False,https://doi.org/10.1177/039463201102400205,,True,True,False,107,41
116,30319182,10.1007/s12291-018-0791-5,0974-0422,2018,True,https://doi.org/10.1007/s12291-018-0791-5,https://link.springer.com/content/pdf/10.1007/s12291-018-0791-5.pdf,True,True,False,89,82
117,23844699,10.3109/10408444.2013.798719,1040-8444,2013,False,https://doi.org/10.3109/10408444.2013.798719,,True,True,False,86,144
118,23246862,10.1016/j.tox.2012.11.021,0300-483X,2012,False,https://doi.org/10.1016/j.tox.2012.11.021,,True,True,False,74,123
119,36543276,10.1016/j.tox.2022.153407,0300-483X,2022,False,https://doi.org/10.1016/j.tox.2022.153407,,True,True,False,70,201
120,34352232,10.1016/j.envres.2021.111822,0013-9351,2021,True,https://doi.org/10.1016/j.envres.2021.111822,https://www.sciencedirect.com/science/article/pii/S0013935121011166,True,True,False,59,97
121,32318533,10.3389/fpubh.2020.00091,2296-2565,2020,True,https://doi.org/10.3389/fpubh.2020.00091,https://www.frontiersin.org/articles/10.3389/fpubh.2020.00091/pdf,True,True,False,56,79
122,33816123,10.1016/j.toxrep.2021.03.009,2214-7500,2021,True,https://doi.org/10.1016/j.toxrep.2021.03.009,,True,True,False,56,235
123,39588175,10.2147/ndt.s479757,1176-6328,2024,True,https://doi.org/10.2147/ndt.s479757,,True,True,False,24,118
124,2381528,10.1212/wnl.40.8.1218,0028-3878,1990,False,https://doi.org/10.1212/wnl.40.8.1218,,True,True,False,260,17
125,10349500,10.1016/s0753-3322(99)80077-8,0753-3322,1999,False,https://doi.org/10.1016/s0753-3322(99)80077-8,,True,True,False,207,157
126,3676917,10.1017/s0317167100037823,0317-1671,1987,True,https://doi.org/10.1017/s0317167100037823,https://www.cambridge.org/core/services/aop-cambridge-core/content/view/B8A09AAE44121012B905C358CCE9A8EF/S0317167100037823a.pdf/div-class-title-geography-drinking-water-chemistry-pesticides-and-herbicides-and-the-etiology-of-parkinson-s-disease-div.pdf,True,True,False,146,21
127,18032333,10.1300/j096v12n01_03,1059-924X,2007,False,https://doi.org/10.1300/j096v12n01_03,,True,True,False,142,72
128,16005927,10.1016/j.taap.2005.06.003,0041-008X,2005,False,https://doi.org/10.1016/j.taap.2005.06.003,,True,True,False,114,69
129,19493570,10.1016/j.ecoenv.2009.05.001,0147-6513,2009,False,https://doi.org/10.1016/j.ecoenv.2009.05.001,,True,True,False,114,89
130,16008163,10.1016/j.cca.2006.11.006,0009-8981,2006,False,https://doi.org/10.1016/j.cca.2006.11.006,,True,True,False,100,56
131,12488139,10.1016/s0891-5849(02)01169-3,0891-5849,2002,False,https://doi.org/10.1016/s0891-5849(02)01169-3,,True,True,False,98,44
132,28379585,10.5271/sjweh.3641,0355-3140,2017,True,https://doi.org/10.5271/sjweh.3641,http://www.sjweh.fi/download.php?abstract_id=3641&file_nro=1,True,True,False,58,164
133,22563483,10.1371/journal.pone.0036191,1932-6203,2012,True,https://doi.org/10.1371/journal.pone.0036191,https://journals.plos.org/plosone/article/file?id=10.1371/journal.pone.0036191&type=printable,True,True,False,56,68
134,28185034,10.1007/s10654-017-0229-z,0393-2990,2017,False,https://doi.org/10.1007/s10654-017-0229-z,,True,True,False,56,34
135,17543230,,,2007,False,https://pubmed.ncbi.nlm.nih.gov/17543230,,True,True,False,55,109
136,18533268,10.1016/j.neuro.2008.04.010,0161-813X,2008,False,https://doi.org/10.1016/j.neuro.2008.04.010,,True,True,False,54,73
137,23535362,10.1093/toxsci/kft076,1096-0929,2013,False,https://doi.org/10.1093/toxsci/kft076,,True,True,False,53,39
138,32625422,10.2903/j.efsa.2017.4691,1831-4732,2017,True,https://doi.org/10.2903/j.efsa.2017.4691,https://efsa.onlinelibrary.wiley.com/doi/pdfdirect/10.2903/j.efsa.2017.4691,True,True,False,53,175
139,23988235,10.1016/j.envres.2013.08.001,0013-9351,2013,False,https://doi.org/10.1016/j.envres.2013.08.001,,True,True,False,51,62
140,24269752,10.1016/j.tox.2013.11.003,0300-483X,2013,False,https://doi.org/10.1016/j.tox.2013.11.003,,True,True,False,51,66
141,28192238,10.1016/j.jprot.2017.02.003,1874-3919,2017,False,https://doi.org/10.1016/j.jprot.2017.02.003,,True,True,False,50,73
142,32721662,10.1016/j.scitotenv.2020.140591,0048-9697,2020,False,https://doi.org/10.1016/j.scitotenv.2020.140591,,True,True,False,48,149
143,32426240,10.1016/j.toxrep.2020.03.011,2214-7500,2020,True,https://doi.org/10.1016/j.toxrep.2020.03.011,,True,True,False,45,88
144,20472488,10.1016/j.parkreldis.2010.04.009,1353-8020,2010,False,https://doi.org/10.1016/j.parkreldis.2010.04.009,,True,True,False,44,34
145,21733735,10.1016/j.parkreldis.2011.06.009,1353-8020,2011,False,https://doi.org/10.1016/j.parkreldis.2011.06.009,,True,True,False,41,32
146,23092715,10.1016/j.envres.2012.08.014,0013-9351,2012,False,https://doi.org/10.1016/j.envres.2012.08.014,,True,True,False,39,28
147,22559812,10.1186/1742-2094-9-86,1742-2094,2012,True,https://doi.org/10.1186/1742-2094-9-86,https://jneuroinflammation.biomedcentral.com/counter/pdf/10.1186/1742-2094-9-86,True,True,False,37,67
148,23244436,10.2174/1871527311211080006,1871-5273,2013,False,https://doi.org/10.2174/1871527311211080006,,True,True,False,34,0
149,30954898,10.1016/j.chemosphere.2019.03.157,0045-6535,2019,False,https://doi.org/10.1016/j.chemosphere.2019.03.157,,True,True,False,32,76
150,34308371,10.1016/j.crtox.2021.02.007,2666-027X,2021,True,https://doi.org/10.1016/j.crtox.2021.02.007,,True,True,False,20,47
151,35393289,10.1136/oemed-2021-108046,1351-0711,2022,True,https://doi.org/10.1136/oemed-2021-108046,https://oem.bmj.com/content/oemed/79/8/566.full.pdf,True,True,False,17,69
152,40264898,10.1002/bmm2.12072,2751-7446,2024,True,https://doi.org/10.1002/bmm2.12072,https://onlinelibrary.wiley.com/doi/pdfdirect/10.1002/bmm2.12072,True,True,False,9,59
153,38820021,10.3233/jpd-240015,1877-7171,2024,True,https://doi.org/10.3233/jpd-240015,https://content.iospress.com:443/download/journal-of-parkinsons-disease/jpd240015?id=journal-of-parkinsons-disease%2Fjpd240015,True,True,False,8,31
154,39485576,10.1007/s10571-024-01501-5,0272-4340,2024,False,https://doi.org/10.1007/s10571-024-01501-5,,True,True,False,7,61
155,15751039,10.1002/bdra.20118,1542-0752,2005,False,https://doi.org/10.1002/bdra.20118,,True,True,False,57,18
156,15019266,10.1016/j.tips.2004.01.007,0165-6147,2004,False,https://doi.org/10.1016/j.tips.2004.01.007,,True,True,False,50,46
157,17309119,10.1002/jat.1218,0260-437X,2007,False,https://doi.org/10.1002/jat.1218,,True,True,False,42,92
158,19459224,10.1016/j.neuro.2008.12.015,0161-813X,2009,False,https://doi.org/10.1016/j.neuro.2008.12.015,,True,True,False,38,45
159,21085094,10.3791/2123,1940-087X,2010,True,https://doi.org/10.3791/2123,https://www.jove.com/pdf/2123/oral-administration-rotenone-using-gavage-image-analysis-alpha,True,True,False,36,13
160,22704918,10.1016/j.neulet.2012.06.007,0304-3940,2012,False,https://doi.org/10.1016/j.neulet.2012.06.007,,True,True,False,29,36
161,26272936,10.1124/jpet.115.226373,0022-3565,2015,True,https://doi.org/10.1124/jpet.115.226373,https://jpet.aspetjournals.org/content/jpet/355/1/99.full.pdf,True,True,False,28,86
162,27585560,10.1016/j.bbr.2016.08.056,0166-4328,2016,False,https://doi.org/10.1016/j.bbr.2016.08.056,,True,True,False,28,38
163,24380023,,,2013,False,https://pubmed.ncbi.nlm.nih.gov/24380023,,True,True,False,27,34
164,25160001,10.1016/j.neuro.2014.08.005,0161-813X,2014,False,https://doi.org/10.1016/j.neuro.2014.08.005,,True,True,False,24,73
165,32121433,10.3390/ijerph17051584,1660-4601,2020,True,https://doi.org/10.3390/ijerph17051584,https://www.mdpi.com/1660-4601/17/5/1584/pdf?version=1583674432,True,True,False,20,22
166,21687921,10.5271/sjweh.3176,0355-3140,2011,True,https://doi.org/10.5271/sjweh.3176,https://www.sjweh.fi/download.php?abstract_id=3176&file_nro=1,True,True,False,19,35
167,24334261,10.1016/j.ntt.2013.12.001,0892-0362,2013,False,https://doi.org/10.1016/j.ntt.2013.12.001,,True,True,False,17,39
168,32104116,10.2147/rmhp.s230953,1179-1594,2020,True,https://doi.org/10.2147/rmhp.s230953,https://www.dovepress.com/getfile.php?fileID=55999,True,True,False,13,94
169,37598847,10.1016/j.envres.2023.116932,0013-9351,2023,False,https://doi.org/10.1016/j.envres.2023.116932,,True,True,False,11,77
170,38627687,10.1186/s12940-024-01078-y,1476-069X,2024,True,https://doi.org/10.1186/s12940-024-01078-y,https://ehjournal.biomedcentral.com/counter/pdf/10.1186/s12940-024-01078-y,True,True,False,5,78
171,17487876,10.1002/ana.21049,0364-5134,2007,True,https://doi.org/10.1002/ana.21049,https://onlinelibrary.wiley.com/doi/pdfdirect/10.1002/ana.21049,True,True,False,19,3
172,29630901,10.1016/j.mad.2018.04.004,0047-6374,2018,True,https://doi.org/10.1016/j.mad.2018.04.004,https://www.sciencedirect.com/science/article/am/pii/S0047637417302993,True,True,False,13,43
173,32060784,10.1007/s11010-020-03694-x,0300-8177,2020,False,https://doi.org/10.1007/s11010-020-03694-x,,True,True,False,11,40
174,36842454,10.1016/j.tox.2023.153467,0300-483X,2023,True,https://doi.org/10.1016/j.tox.2023.153467,https://www.sciencedirect.com/science/article/pii/S0300483X23000537,True,True,False,8,56
175,39910845,10.1002/mds.30135,0885-3185,2025,False,https://doi.org/10.1002/mds.30135,,True,True,False,2,4
176,2877313,10.1016/s0140-6736(86)90576-3,0140-6736,1986,False,https://doi.org/10.1016/s0140-6736(86)90576-3,,True,True,False,63,9
177,11089940,10.1038/35041740,0028-0836,2000,True,https://doi.org/10.1038/35041740,https://www.nature.com/articles/35041740.pdf,True,True,False,10,0
178,15111243,10.1007/bf03033209,1029-8428,2001,False,https://doi.org/10.1007/bf03033209,,True,True,False,9,42
179,29554349,10.1093/ije/dyy035,0300-5771,2018,True,https://doi.org/10.1093/ije/dyy035,https://academic.oup.com/ije/article-pdf/47/3/1006/25058980/dyy035.pdf,True,True,False,7,2
180,38042187,10.1016/j.scitotenv.2023.168913,0048-9697,2023,False,https://doi.org/10.1016/j.scitotenv.2023.168913,,True,True,False,2,46
181,39977894,10.1212/wnl.0000000000205098,0028-3878,2024,False,https://doi.org/10.1212/wnl.0000000000205098,,True,True,False,2,0
182,38267207,10.1136/jnnp-2023-332672,0022-3050,2024,False,https://doi.org/10.1136/jnnp-2023-332672,,True,True,False,1,28
183,39836634,10.1093/toxsci/kfaf009,1096-0929,2025,True,https://doi.org/10.1093/toxsci/kfaf009,https://academic.oup.com/toxsci/advance-article-pdf/doi/10.1093/toxsci/kfaf009/61530966/kfaf009.pdf,True,True,False,1,52
184,40343752,10.1039/d5dt00633c,1477-9226,2025,False,https://doi.org/10.1039/d5dt00633c,,True,True,False,1,85
185,11184997,10.1126/science.290.5494.1068a,0036-8075,2000,False,https://doi.org/10.1126/science.290.5494.1068a,,True,True,False,15,0
186,32864238,10.7759/cureus.9409,2168-8184,2020,True,https://doi.org/10.7759/cureus.9409,https://www.cureus.com/articles/35505-parkinsons-disease-unanticipated-sequela-of-an-attempted-suicide.pdf,True,True,False,1,9
187,36229207,10.3760/cma.j.cn121094-20210719-00359,,2022,False,https://pubmed.ncbi.nlm.nih.gov/36229207,,True,True,False,1,0
188,29554254,10.1093/ije/dyy036,0300-5771,2018,True,https://doi.org/10.1093/ije/dyy036,https://academic.oup.com/ije/article-pdf/47/3/1007/25059011/dyy036.pdf,True,True,False,1,2
189,9592856,,,1998,False,https://pubmed.ncbi.nlm.nih.gov/9592856,,True,True,False,25,0
190,2879110,10.1016/s0140-6736(87)90721-5,0140-6736,1987,False,https://doi.org/10.1016/s0140-6736(87)90721-5,,True,True,False,9,2
191,16008160,,,2005,False,https://pubmed.ncbi.nlm.nih.gov/16008160,,True,True,False,2,9
192,19634540,,,2009,False,https://pubmed.ncbi.nlm.nih.gov/19634540,,True,True,False,1,0
193,37688454,,,2023,False,https://pubmed.ncbi.nlm.nih.gov/37688454,,True,True,False,1,0
194,11073503,10.1136/bmj.321.7270.1175/a,0959-8138,2000,False,https://doi.org/10.1136/bmj.321.7270.1175/a,,True,True,False,0,0
195,40653069,10.1016/j.envres.2025.122335,0013-9351,2025,True,https://doi.org/10.1016/j.envres.2025.122335,,True,True,False,0,62
196,30199797,10.1016/j.etap.2018.08.018,1382-6689,2018,False,https://doi.org/10.1016/j.etap.2018.08.018,,True,True,False,618,163
197,9191770,10.1212/wnl.48.6.1583,0028-3878,1997,False,https://doi.org/10.1212/wnl.48.6.1583,,True,True,False,609,0
198,20098733,10.1371/journal.pone.0008762,1932-6203,2010,True,https://doi.org/10.1371/journal.pone.0008762,https://journals.plos.org/plosone/article/file?id=10.1371/journal.pone.0008762&type=printable,True,True,False,509,64
199,17981626,10.2741/2758,1093-4715,2007,True,https://doi.org/10.2741/2758,https://article.imrpress.com/bri/Landmark/articles/pdf/Landmark2758.pdf,True,True,False,432,73
200,15574749,10.1523/jneurosci.2993-04.2004,0270-6474,2004,True,https://doi.org/10.1523/jneurosci.2993-04.2004,https://www.jneurosci.org/content/jneuro/24/48/10993.full.pdf,True,True,False,401,32
201,8414014,10.1212/wnl.43.9.1693,0028-3878,1993,False,https://doi.org/10.1212/wnl.43.9.1693,,True,True,False,274,0
202,29057315,10.1038/s41531-017-0032-2,2373-8057,2017,True,https://doi.org/10.1038/s41531-017-0032-2,https://www.nature.com/articles/s41531-017-0032-2.pdf,True,True,False,254,72
203,9918341,10.1002/1531-8257(199901)14:1<28::aid-mds1007>3.0.co;2-o,0885-3185,1999,False,https://doi.org/10.1002/1531-8257(199901)14:1<28::aid-mds1007>3.0.co;2-o,,True,True,False,240,47
204,12428721,10.1016/s0161-813x(02)00099-2,0161-813X,2002,False,https://doi.org/10.1016/s0161-813x(02)00099-2,,True,True,False,239,169
205,12061498,10.1177/1073858402008003004,1073-8584,2002,False,https://doi.org/10.1177/1073858402008003004,,True,True,False,228,41
206,16809432,10.1096/fj.06-5864fje,0892-6638,2006,False,https://doi.org/10.1096/fj.06-5864fje,,True,True,False,215,60
207,31091353,10.1002/mds.27720,0885-3185,2019,False,https://doi.org/10.1002/mds.27720,,True,True,False,183,138
208,30691095,10.3390/ijerph16030337,1660-4601,2019,True,https://doi.org/10.3390/ijerph16030337,https://www.mdpi.com/1660-4601/16/3/337/pdf?version=1548480926,True,True,False,163,95
209,18607207,10.1097/wco.0b013e3283050461,1350-7540,2008,False,https://doi.org/10.1097/wco.0b013e3283050461,,True,True,False,137,42
210,23950519,10.1126/science.1243619,0036-8075,2013,False,https://doi.org/10.1126/science.1243619,,True,True,False,137,18
211,27029645,10.1038/ncomms11173,2041-1723,2016,True,https://doi.org/10.1038/ncomms11173,https://www.nature.com/articles/ncomms11173.pdf,True,True,False,122,66
212,28779877,10.1016/j.envint.2017.04.010,0160-4120,2017,False,https://doi.org/10.1016/j.envint.2017.04.010,,True,True,False,115,45
213,29862459,10.1007/s12035-018-1148-z,0893-7648,2018,False,https://doi.org/10.1007/s12035-018-1148-z,,True,True,False,91,106
214,31246571,10.2478/aiht-2019-70-3263,0004-1254,2019,True,https://doi.org/10.2478/aiht-2019-70-3263,https://sciendo.com/pdf/10.2478/aiht-2019-70-3263,True,True,False,76,147
215,33991619,10.1016/j.jchemneu.2021.101966,0891-0618,2021,False,https://doi.org/10.1016/j.jchemneu.2021.101966,,True,True,False,75,108
216,38217613,10.3233/jpd-230357,1877-7171,2024,True,https://doi.org/10.3233/jpd-230357,https://content.iospress.com:443/download/journal-of-parkinsons-disease/jpd230357?id=journal-of-parkinsons-disease%2Fjpd230357,True,True,False,69,115
217,37155010,10.1007/s11033-023-08424-2,0301-4851,2023,False,https://doi.org/10.1007/s11033-023-08424-2,,True,True,False,52,110
218,30677475,10.1016/j.pharmthera.2019.01.001,0163-7258,2019,False,https://doi.org/10.1016/j.pharmthera.2019.01.001,,True,True,False,49,347
219,37949088,10.1016/s2542-5196(23)00255-3,2542-5196,2023,True,https://doi.org/10.1016/s2542-5196(23)00255-3,http://www.thelancet.com/article/S2542519623002553/pdf,True,True,False,31,12
220,39536570,10.1016/j.ecoenv.2024.117335,0147-6513,2024,True,https://doi.org/10.1016/j.ecoenv.2024.117335,,True,True,False,17,161
221,12558996,10.1046/j.1471-4159.2003.01525.x,0022-3042,2003,False,https://doi.org/10.1046/j.1471-4159.2003.01525.x,,True,True,False,234,62
222,12724617,10.1097/01.fpc.0000054087.48725.d9,,2003,False,https://pubmed.ncbi.nlm.nih.gov/12724617,,True,True,False,191,18
223,15009131,10.1111/j.0953-816x.2004.03139.x,0953-816X,2004,False,https://doi.org/10.1111/j.0953-816x.2004.03139.x,,True,True,False,171,51
224,17047302,10.1155/jbb/2006/27601,2314-6133,2006,True,https://doi.org/10.1155/jbb/2006/27601,https://downloads.hindawi.com/journals/bmri/2006/027601.pdf,True,True,False,103,36
225,21922334,10.1007/s12640-011-9274-7,1029-8428,2011,False,https://doi.org/10.1007/s12640-011-9274-7,,True,True,False,83,55
226,17880941,10.1016/j.expneurol.2007.07.022,0014-4886,2007,False,https://doi.org/10.1016/j.expneurol.2007.07.022,,True,True,False,82,32
227,21219333,10.1111/j.1471-4159.2011.07175.x,0022-3042,2011,False,https://doi.org/10.1111/j.1471-4159.2011.07175.x,,True,True,False,76,62
228,27993598,10.1016/j.brainresbull.2016.12.003,0361-9230,2016,False,https://doi.org/10.1016/j.brainresbull.2016.12.003,,True,True,False,69,157
229,12956856,10.1034/j.1600-0404.2003.00128.x,0001-6314,2003,True,https://doi.org/10.1034/j.1600-0404.2003.00128.x,https://onlinelibrary.wiley.com/doi/pdfdirect/10.1034/j.1600-0404.2003.00128.x,True,True,False,67,40
230,15890009,10.1089/ars.2005.7.649,1523-0864,2005,False,https://doi.org/10.1089/ars.2005.7.649,,True,True,False,66,18
231,21059511,10.1017/s0317167100010829,0317-1671,2010,True,https://doi.org/10.1017/s0317167100010829,https://www.cambridge.org/core/services/aop-cambridge-core/content/view/87FF56DB5B333851B8BE351ABCF5AA79/S0317167100010829a.pdf/div-class-title-environmental-and-familial-risk-factors-of-parkinsons-disease-case-control-study-div.pdf,True,True,False,64,48
232,29859004,10.1007/s12640-018-9916-0,1029-8428,2018,False,https://doi.org/10.1007/s12640-018-9916-0,,True,True,False,61,86
233,16112329,10.1016/j.neuro.2004.09.003,0161-813X,2004,False,https://doi.org/10.1016/j.neuro.2004.09.003,,True,True,False,56,49
234,21620887,10.1016/j.neuro.2011.04.002,0161-813X,2011,False,https://doi.org/10.1016/j.neuro.2011.04.002,,True,True,False,56,44
235,28689109,10.1016/j.envint.2017.06.018,0160-4120,2017,True,https://doi.org/10.1016/j.envint.2017.06.018,,True,True,False,55,71
236,22133707,10.1159/000334440,0251-5350,2011,False,https://doi.org/10.1159/000334440,,True,True,False,50,49
237,23936670,10.1155/2013/371034,2090-5505,2013,True,https://doi.org/10.1155/2013/371034,https://downloads.hindawi.com/archive/2013/371034.pdf,True,True,False,46,27
238,30796443,10.1093/toxsci/kfz049,1096-0929,2019,True,https://doi.org/10.1093/toxsci/kfz049,https://academic.oup.com/toxsci/article-pdf/169/2/333/29098977/kfz049.pdf,True,True,False,46,135
239,36061205,10.3389/fgene.2022.971298,1664-8021,2022,True,https://doi.org/10.3389/fgene.2022.971298,,True,True,False,38,212
240,24577234,10.1038/emm.2014.12,1226-3613,2014,True,https://doi.org/10.1038/emm.2014.12,https://www.nature.com/articles/emm201412.pdf,True,True,False,37,31
241,23786526,10.1111/jnc.12349,0022-3042,2013,False,https://doi.org/10.1111/jnc.12349,,True,True,False,30,73
242,36087732,10.1016/j.chemosphere.2022.136344,0045-6535,2022,False,https://doi.org/10.1016/j.chemosphere.2022.136344,,True,True,False,28,83
243,33278869,10.14802/jmd.20034,2005-940X,2021,True,https://doi.org/10.14802/jmd.20034,,True,True,False,26,32
244,34864106,10.1016/j.neuro.2021.12.001,0161-813X,2021,False,https://doi.org/10.1016/j.neuro.2021.12.001,,True,True,False,25,38
245,31422567,10.1007/s12640-019-00097-9,1029-8428,2019,False,https://doi.org/10.1007/s12640-019-00097-9,,True,True,False,24,90
246,31494049,10.1016/j.parkreldis.2019.08.013,1353-8020,2019,False,https://doi.org/10.1016/j.parkreldis.2019.08.013,,True,True,False,23,32
247,32547358,10.3389/fnins.2020.00458,1662-453X,2020,True,https://doi.org/10.3389/fnins.2020.00458,https://www.frontiersin.org/articles/10.3389/fnins.2020.00458/pdf,True,True,False,20,148
248,38714693,10.1038/s41531-024-00704-3,2373-8057,2024,True,https://doi.org/10.1038/s41531-024-00704-3,https://www.nature.com/articles/s41531-024-00704-3.pdf,True,True,False,12,121
249,34494887,10.1177/17423953211039789,1742-3953,2021,False,https://doi.org/10.1177/17423953211039789,,True,True,False,11,46
250,38958636,10.1021/acs.chemrestox.4c00057,0893-228X,2024,False,https://doi.org/10.1021/acs.chemrestox.4c00057,,True,True,False,8,150
251,10499361,,,1999,False,https://pubmed.ncbi.nlm.nih.gov/10499361,,True,True,False,87,0
252,1745430,,,1991,False,https://pubmed.ncbi.nlm.nih.gov/1745430,,True,True,False,71,0
253,11100135,10.1038/81737,1097-6256,2000,True,https://doi.org/10.1038/81737,https://www.nature.com/articles/nn1200_1227.pdf,True,True,False,69,15
254,17999924,10.1016/j.brainres.2007.10.020,0006-8993,2007,False,https://doi.org/10.1016/j.brainres.2007.10.020,,True,True,False,45,44
255,19660496,10.1016/j.neuro.2009.07.016,0161-813X,2009,False,https://doi.org/10.1016/j.neuro.2009.07.016,,True,True,False,34,85
256,18695515,10.1097/wnr.0b013e32830b3677,0959-4965,2008,False,https://doi.org/10.1097/wnr.0b013e32830b3677,,True,True,False,33,26
257,23982010,10.1590/0004-282x20130076,0004-282X,2013,True,https://doi.org/10.1590/0004-282x20130076,https://www.scielo.br/j/anp/a/J7jPZNNX9pBBfrhNHVNgPgN/?lang=en&format=pdf,True,True,False,31,28
258,21346317,10.1159/000323797,1660-2854,2011,False,https://doi.org/10.1159/000323797,,True,True,False,31,21
259,23295396,10.1016/j.bbr.2012.12.051,0166-4328,2013,False,https://doi.org/10.1016/j.bbr.2012.12.051,,True,True,False,27,51
260,12690660,,,2002,False,https://pubmed.ncbi.nlm.nih.gov/12690311,,True,True,False,24,0
261,31342891,10.1017/cjn.2019.248,0317-1671,2019,True,https://doi.org/10.1017/cjn.2019.248,https://www.cambridge.org/core/services/aop-cambridge-core/content/view/BE586F01EF3E2EA8D785C1E40394A6B7/S0317167119002488a.pdf/div-class-title-exposure-to-pesticides-and-welding-hastens-the-age-at-onset-of-parkinson-s-disease-div.pdf,True,True,False,23,31
262,23358190,10.1093/toxsci/kft018,1096-0929,2013,True,https://doi.org/10.1093/toxsci/kft018,https://academic.oup.com/toxsci/article-pdf/132/2/347/16685527/kft018.pdf,True,True,False,21,42
263,26507749,10.1136/jech-2015-205455,0143-005X,2015,False,https://doi.org/10.1136/jech-2015-205455,,True,True,False,21,25
264,23744253,10.1007/s10571-013-9948-1,0272-4340,2013,False,https://doi.org/10.1007/s10571-013-9948-1,,True,True,False,16,65
265,23857610,10.1590/0004-282x20130060,0004-282X,2013,True,https://doi.org/10.1590/0004-282x20130060,https://www.scielo.br/j/anp/a/rtd6bqSTtyshSMsz8hL7djr/?lang=en&format=pdf,True,True,False,15,30
266,22774228,10.1016/j.neuro.2012.04.011,0161-813X,2012,False,https://doi.org/10.1016/j.neuro.2012.04.011,,True,True,False,12,1
267,38246514,10.1016/j.freeradbiomed.2024.01.016,0891-5849,2024,True,https://doi.org/10.1016/j.freeradbiomed.2024.01.016,,True,True,False,7,65
268,37865240,10.1016/j.scitotenv.2023.167870,0048-9697,2023,False,https://doi.org/10.1016/j.scitotenv.2023.167870,,True,True,False,6,116
269,1584237,10.1002/mds.870070209,0885-3185,1992,False,https://doi.org/10.1002/mds.870070209,,True,True,False,71,20
270,11383940,10.1017/s0317167100052835,0317-1671,2001,True,https://doi.org/10.1017/s0317167100052835,https://www.cambridge.org/core/services/aop-cambridge-core/content/view/D24C081F76BCB6FD1F79D92E2B1398DF/S0317167100052835a.pdf/div-class-title-a-case-control-study-of-parkinson-s-disease-in-urban-population-of-southern-israel-div.pdf,True,True,False,55,22
271,15542008,10.1016/j.parkreldis.2004.01.008,1353-8020,2004,False,https://doi.org/10.1016/j.parkreldis.2004.01.008,,True,True,False,34,54
272,17017524,10.1007/978-3-211-45295-0_25,,2006,False,https://doi.org/10.1007/978-3-211-45295-0_25,,True,True,False,29,13
273,25506807,10.1080/01652176.2014.980934,0165-2176,2014,True,https://doi.org/10.1080/01652176.2014.980934,https://www.tandfonline.com/doi/pdf/10.1080/01652176.2014.980934?needAccess=true,True,True,False,15,122
274,25095814,10.2217/nmt.14.18,1758-2024,2014,True,https://doi.org/10.2217/nmt.14.18,https://www.futuremedicine.com/doi/pdf/10.2217/nmt.14.18,True,True,False,13,20
275,28691715,10.21307/ane-2017-043,0065-1400,2017,True,https://doi.org/10.21307/ane-2017-043,http://www.exeley.com/exeley/journals/acta_neurobiologiae_experimentalis/77/2/pdf/10.21307_ane-2017-043.pdf,True,True,False,12,35
276,22016051,10.1097/fpc.0b013e32834bcd74,1744-6872,2011,False,https://doi.org/10.1097/fpc.0b013e32834bcd74,,True,True,False,9,44
277,35587624,10.1002/mds.29012,0885-3185,2022,True,https://doi.org/10.1002/mds.29012,https://onlinelibrary.wiley.com/doi/pdfdirect/10.1002/mds.29012,True,True,False,6,32
278,40506444,10.1038/s41531-025-01010-2,2373-8057,2025,True,https://doi.org/10.1038/s41531-025-01010-2,https://www.nature.com/articles/s41531-025-01010-2.pdf,True,True,False,3,69
279,40707475,10.1038/s41531-025-01049-1,2373-8057,2025,True,https://doi.org/10.1038/s41531-025-01049-1,https://www.nature.com/articles/s41531-025-01049-1.pdf,True,True,False,2,63
280,21425334,10.1002/mds.23527,0885-3185,2011,True,https://doi.org/10.1002/mds.23527,https://onlinelibrary.wiley.com/doi/pdfdirect/10.1002/mds.23527,True,True,False,7,6
281,15551110,10.1007/s00115-003-1641-z,,2004,False,https://pubmed.ncbi.nlm.nih.gov/15551110,,True,True,False,5,3
282,33109837,10.4103/0028-3886.294542,0028-3886,2020,False,https://doi.org/10.4103/0028-3886.294542,,True,True,False,4,0
283,40191323,10.1021/acsomega.4c11365,2470-1343,2025,True,https://doi.org/10.1021/acsomega.4c11365,https://pubs.acs.org/doi/pdf/10.1021/acsomega.4c11365?ref=article_openPDF,True,True,False,1,43
284,12076315,10.1034/j.1600-0773.2002.900406.x,0901-9928,2002,True,https://doi.org/10.1034/j.1600-0773.2002.900406.x,https://onlinelibrary.wiley.com/doi/pdfdirect/10.1034/j.1600-0773.2002.900406.x,True,True,False,20,31
285,7722593,10.1016/0895-4356(94)90177-5,0895-4356,1994,False,https://doi.org/10.1016/0895-4356(94)90177-5,,True,True,False,18,28
286,15018696,10.1177/0891988703258672,0891-9887,2004,False,https://doi.org/10.1177/0891988703258672,,True,True,False,4,5
287,17478401,10.1684/ejd.2007.0171,,2007,False,https://pubmed.ncbi.nlm.nih.gov/17478401,,True,True,False,2,0
288,20049194,10.1289/ehp.117-a553a,0091-6765,2009,True,https://doi.org/10.1289/ehp.117-a553a,https://ehp.niehs.nih.gov/doi/epdf/10.1289/ehp.117-a553a,True,True,False,1,0
289,9604134,10.1017/s0317167100033734,0317-1671,1998,True,https://doi.org/10.1017/s0317167100033734,https://www.cambridge.org/core/services/aop-cambridge-core/content/view/844378F61C783619103121366577918B/S0317167100033734a.pdf/div-class-title-a-case-referent-study-of-extrapyramidal-signs-preparkinsonism-in-rural-communities-of-israel-div.pdf,True,True,False,15,43
290,17708091,,,2007,False,https://pubmed.ncbi.nlm.nih.gov/17708091,,True,True,False,6,0
291,12239976,,,2002,False,https://pubmed.ncbi.nlm.nih.gov/12239976,,True,True,False,4,0
292,15174030,10.1002/ana.20143,0364-5134,2004,False,https://doi.org/10.1002/ana.20143,,True,True,False,1,1
293,34792911,,,2021,False,https://pubmed.ncbi.nlm.nih.gov/34792911,,True,True,False,0,0
294,37927278,10.3233/jpd-239004,1877-7171,2023,True,https://doi.org/10.3233/jpd-239004,https://content.iospress.com:443/download/journal-of-parkinsons-disease/jpd239004?id=journal-of-parkinsons-disease%2Fjpd239004,True,True,False,0,6
295,27751556,10.1016/s1474-4422(16)30230-7,1474-4422,2016,False,https://doi.org/10.1016/s1474-4422(16)30230-7,,True,True,False,1728,242
296,20926834,10.1126/scitranslmed.3001059,1946-6234,2010,False,https://doi.org/10.1126/scitranslmed.3001059,,True,True,False,833,67
297,11437458,10.1006/enrs.2001.4264,0013-9351,2001,False,https://doi.org/10.1006/enrs.2001.4264,,True,True,False,440,40
298,1620342,10.1212/wnl.42.7.1328,0028-3878,1992,False,https://doi.org/10.1212/wnl.42.7.1328,,True,True,False,435,0
299,12941575,10.1016/s1474-4422(03)00501-5,1474-4422,2003,False,https://doi.org/10.1016/s1474-4422(03)00501-5,,True,True,False,355,74
300,16439141,10.1016/j.nbd.2005.12.003,0969-9961,2006,False,https://doi.org/10.1016/j.nbd.2005.12.003,,True,True,False,337,82
301,12826478,10.1289/ehp.6361,0091-6765,2003,True,https://doi.org/10.1289/ehp.6361,,True,True,False,288,203
302,14585596,10.1016/j.tins.2003.08.009,0166-2236,2003,False,https://doi.org/10.1016/j.tins.2003.08.009,,True,True,False,258,38
303,12598611,10.1523/jneurosci.23-04-01228.2003,0270-6474,2003,True,https://doi.org/10.1523/jneurosci.23-04-01228.2003,https://www.jneurosci.org/content/jneuro/23/4/1228.full.pdf,True,True,False,250,48
304,30266654,10.1016/j.tox.2018.09.009,0300-483X,2018,False,https://doi.org/10.1016/j.tox.2018.09.009,,True,True,False,231,120
305,16580092,10.1016/j.neuint.2006.02.003,0197-0186,2006,False,https://doi.org/10.1016/j.neuint.2006.02.003,,True,True,False,217,55
306,23097348,10.1002/mds.25150,0885-3185,2012,False,https://doi.org/10.1002/mds.25150,,True,True,False,189,37
307,22698719,10.1016/j.envint.2012.05.004,0160-4120,2012,False,https://doi.org/10.1016/j.envint.2012.05.004,,True,True,False,176,67
308,28189372,10.1016/j.lpm.2017.01.001,0755-4982,2017,False,https://doi.org/10.1016/j.lpm.2017.01.001,,True,True,False,171,61
309,29189118,10.2174/0929867325666171129124616,0929-8673,2018,False,https://doi.org/10.2174/0929867325666171129124616,,True,True,False,162,0
310,29209747,10.1007/s00204-017-2133-4,0340-5761,2017,True,https://doi.org/10.1007/s00204-017-2133-4,https://link.springer.com/content/pdf/10.1007/s00204-017-2133-4.pdf,True,True,False,114,549
311,36029574,10.1016/j.ecoenv.2022.113972,0147-6513,2022,True,https://doi.org/10.1016/j.ecoenv.2022.113972,https://ars.els-cdn.com/content/image/1-s2.0-S0147651322008120-ga1_lrg.jpg,True,True,False,95,133
312,23985028,10.1186/1750-1326-8-29,1750-1326,2013,True,https://doi.org/10.1186/1750-1326-8-29,https://molecularneurodegeneration.biomedcentral.com/counter/pdf/10.1186/1750-1326-8-29,True,True,False,74,71
313,36265728,10.1016/j.envpol.2022.120445,0269-7491,2022,False,https://doi.org/10.1016/j.envpol.2022.120445,,True,True,False,59,69
314,38114496,10.1038/s41531-023-00615-9,2373-8057,2023,True,https://doi.org/10.1038/s41531-023-00615-9,https://www.nature.com/articles/s41531-023-00615-9.pdf,True,True,False,25,174
315,15177059,10.1016/s1353-8020(01)00054-2,1353-8020,2002,False,https://doi.org/10.1016/s1353-8020(01)00054-2,,True,True,False,183,165
316,2797455,10.1212/wnl.39.10.1314,0028-3878,1989,False,https://doi.org/10.1212/wnl.39.10.1314,,True,True,False,173,0
317,3815163,10.1017/s0317167100026147,0317-1671,1987,True,https://doi.org/10.1017/s0317167100026147,https://www.cambridge.org/core/services/aop-cambridge-core/content/view/F858009033DF2C7D62F5DA52C1428075/S0317167100026147a.pdf/div-class-title-ecogenetics-of-parkinson-s-disease-prevalence-and-environmental-aspects-in-rural-areas-div.pdf,True,True,False,166,27
318,10230846,10.1097/00001648-199905000-00023,1044-3983,1999,False,https://doi.org/10.1097/00001648-199905000-00023,,True,True,False,121,135
319,2296261,10.1002/mds.870050116,0885-3185,1990,False,https://doi.org/10.1002/mds.870050116,,True,True,False,112,14
320,18455239,10.1016/j.neuro.2008.03.001,0161-813X,2008,False,https://doi.org/10.1016/j.neuro.2008.03.001,,True,True,False,107,51
321,15987830,10.1124/jpet.105.084632,0022-3565,2005,False,https://doi.org/10.1124/jpet.105.084632,,True,True,False,91,41
322,9637199,10.1016/s0303-8467(98)00009-2,0303-8467,1998,False,https://doi.org/10.1016/s0303-8467(98)00009-2,,True,True,False,87,220
323,17171705,10.1002/jnr.21159,0360-4012,2006,False,https://doi.org/10.1002/jnr.21159,,True,True,False,83,38
324,17324951,10.1093/toxsci/kfm029,1096-0929,2007,False,https://doi.org/10.1093/toxsci/kfm029,,True,True,False,79,71
325,21377529,10.1016/j.nbd.2011.02.011,0969-9961,2011,False,https://doi.org/10.1016/j.nbd.2011.02.011,,True,True,False,76,94
326,25045800,10.1021/tx5002223,0893-228X,2014,False,https://doi.org/10.1021/tx5002223,,True,True,False,75,23
327,21073741,10.1186/1756-6606-3-35,1756-6606,2010,True,https://doi.org/10.1186/1756-6606-3-35,https://molecularbrain.biomedcentral.com/track/pdf/10.1186/1756-6606-3-35,True,True,False,74,63
328,21376751,10.1016/j.neuro.2011.02.002,0161-813X,2011,False,https://doi.org/10.1016/j.neuro.2011.02.002,,True,True,False,73,62
329,16963468,10.1093/hmg/ddl247,0964-6906,2006,True,https://doi.org/10.1093/hmg/ddl247,https://academic.oup.com/hmg/article-pdf/15/20/3055/17242877/ddl247.pdf,True,True,False,69,91
330,20664293,10.1159/000315157,0251-5350,2010,False,https://doi.org/10.1159/000315157,,True,True,False,64,17
331,23602893,10.1016/j.envint.2013.03.004,0160-4120,2013,False,https://doi.org/10.1016/j.envint.2013.03.004,,True,True,False,62,41
332,29403026,10.1038/s41598-018-20836-w,2045-2322,2018,True,https://doi.org/10.1038/s41598-018-20836-w,https://www.nature.com/articles/s41598-018-20836-w.pdf,True,True,False,61,69
333,26215101,10.1016/j.tox.2015.07.014,0300-483X,2015,True,https://doi.org/10.1016/j.tox.2015.07.014,,True,True,False,60,73
334,20483372,10.1016/j.nbd.2010.05.011,0969-9961,2010,False,https://doi.org/10.1016/j.nbd.2010.05.011,,True,True,False,60,117
335,25713156,10.1136/oemed-2014-102209,1351-0711,2015,True,https://doi.org/10.1136/oemed-2014-102209,https://oem.bmj.com/content/oemed/72/6/448.full.pdf,True,True,False,56,44
336,31634513,10.1016/j.neuroscience.2019.09.006,0306-4522,2019,False,https://doi.org/10.1016/j.neuroscience.2019.09.006,,True,True,False,54,66
337,20369291,10.1007/s11064-010-0163-x,0364-3190,2010,False,https://doi.org/10.1007/s11064-010-0163-x,,True,True,False,53,55
338,33561773,10.1016/j.ecoenv.2021.111969,0147-6513,2021,True,https://doi.org/10.1016/j.ecoenv.2021.111969,,True,True,False,50,74
339,26109889,10.2478/intox-2014-0017,1337-6853,2014,True,https://doi.org/10.2478/intox-2014-0017,https://content.sciendo.com/downloadpdf/journals/intox/7/3/article-p123.pdf,True,True,False,49,76
340,22198020,10.1016/j.neuroscience.2011.12.011,0306-4522,2011,False,https://doi.org/10.1016/j.neuroscience.2011.12.011,,True,True,False,40,58
341,21277943,10.1016/j.neuroscience.2011.01.038,0306-4522,2011,False,https://doi.org/10.1016/j.neuroscience.2011.01.038,,True,True,False,38,52
342,28704346,10.15585/mmwr.mm6627a2,0149-2195,2017,True,https://doi.org/10.15585/mmwr.mm6627a2,https://www.cdc.gov/mmwr/volumes/66/wr/pdfs/mm6627a2.pdf,True,True,False,38,12
343,22024235,10.1016/j.yrtph.2011.10.004,0273-2300,2011,False,https://doi.org/10.1016/j.yrtph.2011.10.004,,True,True,False,33,37
344,32316110,10.3390/ijms21082761,1422-0067,2020,True,https://doi.org/10.3390/ijms21082761,https://www.mdpi.com/1422-0067/21/8/2761/pdf?version=1587026083,True,True,False,33,66
345,30597605,10.1002/mds.27594,0885-3185,2018,False,https://doi.org/10.1002/mds.27594,,True,True,False,29,43
346,30377035,10.1016/j.parkreldis.2018.10.026,1353-8020,2018,False,https://doi.org/10.1016/j.parkreldis.2018.10.026,,True,True,False,26,27
347,32289774,10.1159/000506742,1660-2854,2019,False,https://doi.org/10.1159/000506742,,True,True,False,26,20
348,23763672,10.1021/tx300458b,0893-228X,2013,False,https://doi.org/10.1021/tx300458b,,True,True,False,20,77
349,30007509,10.1016/j.parkreldis.2018.07.003,1353-8020,2018,False,https://doi.org/10.1016/j.parkreldis.2018.07.003,,True,True,False,18,30
350,39461288,10.1016/j.jhazmat.2024.136215,0304-3894,2024,True,https://doi.org/10.1016/j.jhazmat.2024.136215,,True,True,False,12,114
351,12539205,10.1002/mds.10326,0885-3185,2002,False,https://doi.org/10.1002/mds.10326,,True,True,False,75,33
352,17227438,10.1111/j.1471-4159.2006.04177.x,0022-3042,2006,False,https://doi.org/10.1111/j.1471-4159.2006.04177.x,,True,True,False,52,76
353,24376148,10.1002/tox.21943,1520-4081,2013,False,https://doi.org/10.1002/tox.21943,,True,True,False,35,37
354,21412834,10.1002/mds.23370,0885-3185,2010,False,https://doi.org/10.1002/mds.23370,,True,True,False,35,40
355,11837540,10.1046/j.1440-1789.2001.00402.x,0919-6544,2001,False,https://doi.org/10.1046/j.1440-1789.2001.00402.x,,True,True,False,34,59
356,16620996,10.1016/j.neuro.2006.03.005,0161-813X,2006,False,https://doi.org/10.1016/j.neuro.2006.03.005,,True,True,False,31,63
357,26498265,10.1016/j.etap.2015.09.019,1382-6689,2015,False,https://doi.org/10.1016/j.etap.2015.09.019,,True,True,False,24,34
358,21736921,10.1016/j.neuroscience.2011.06.050,0306-4522,2011,False,https://doi.org/10.1016/j.neuroscience.2011.06.050,,True,True,False,23,67
359,29446158,10.1111/ejn.13869,0953-816X,2018,False,https://doi.org/10.1111/ejn.13869,,True,True,False,22,119
360,32002976,,,2019,False,https://pubmed.ncbi.nlm.nih.gov/32002976,,True,True,False,20,0
361,29480223,10.3233/jpd-171221,1877-7171,2018,False,https://doi.org/10.3233/jpd-171221,,True,True,False,18,12
362,33336137,10.1097/ee9.0000000000000123,2474-7882,2020,True,https://doi.org/10.1097/ee9.0000000000000123,,True,True,False,18,26
363,36651528,10.2478/acph-2022-0008,1330-0075,2021,True,https://doi.org/10.2478/acph-2022-0008,https://www.sciendo.com/pdf/10.2478/acph-2022-0008,True,True,False,14,107
364,2001187,10.1001/archneur.1991.00530150055018,0003-9942,1991,False,https://doi.org/10.1001/archneur.1991.00530150055018,,True,True,False,71,24
365,12200188,10.1016/s0892-0362(02)00210-6,0892-0362,2002,False,https://doi.org/10.1016/s0892-0362(02)00210-6,,True,True,False,37,100
366,11140828,10.1034/j.1600-0773.2000.pto870608.x,0901-9928,2000,True,https://doi.org/10.1034/j.1600-0773.2000.pto870608.x,https://onlinelibrary.wiley.com/doi/pdfdirect/10.1034/j.1600-0773.2000.pto870608.x,True,True,False,32,18
367,7709917,10.1093/oxfordjournals.aje.a117497,0002-9262,1995,False,https://doi.org/10.1093/oxfordjournals.aje.a117497,,True,True,False,30,0
368,19513320,10.3988/jcn.2008.4.1.23,1738-6586,2008,True,https://doi.org/10.3988/jcn.2008.4.1.23,http://www.thejcn.com/Synapse/Data/PDFData/0145JCN/jcn-4-23.pdf,True,True,False,20,31
369,30240590,10.1016/j.toxlet.2018.09.006,0378-4274,2018,False,https://doi.org/10.1016/j.toxlet.2018.09.006,,True,True,False,18,81
370,15736686,10.3402/ijch.v63i0.17937,1239-9736,2004,True,https://doi.org/10.3402/ijch.v63i0.17937,https://www.tandfonline.com/doi/pdf/10.3402/ijch.v63i0.17937?needAccess=true,True,True,False,16,14
371,25813069,,,2015,False,https://pubmed.ncbi.nlm.nih.gov/25813069,,True,True,False,13,21
372,25295052,10.3389/fgene.2014.00327,1664-8021,2014,True,https://doi.org/10.3389/fgene.2014.00327,https://www.frontiersin.org/articles/10.3389/fgene.2014.00327/pdf,True,True,False,13,43
373,26345784,10.4238/2015.july.31.1,1676-5680,2015,True,https://doi.org/10.4238/2015.july.31.1,https://doi.org/10.4238/2015.july.31.1,True,True,False,9,28
374,28633499,10.1093/toxsci/kfx126,1096-0929,2017,True,https://doi.org/10.1093/toxsci/kfx126,https://academic.oup.com/toxsci/article-pdf/159/1/170/25453265/kfx126.pdf,True,True,False,9,68
375,31836905,10.1007/s00702-019-02119-4,0300-9564,2019,True,https://doi.org/10.1007/s00702-019-02119-4,https://link.springer.com/content/pdf/10.1007/s00702-019-02119-4.pdf,True,True,False,5,24
376,39117080,10.1016/j.chemosphere.2024.143039,0045-6535,2024,True,https://doi.org/10.1016/j.chemosphere.2024.143039,https://ars.els-cdn.com/content/image/1-s2.0-S0045653524019349-ga1_lrg.jpg,True,True,False,4,55
377,37926220,10.1016/j.neuro.2023.11.001,0161-813X,2023,False,https://doi.org/10.1016/j.neuro.2023.11.001,,True,True,False,3,177
378,40644377,10.1093/g3journal/jkaf159,2160-1836,2025,True,https://doi.org/10.1093/g3journal/jkaf159,https://academic.oup.com/g3journal/advance-article-pdf/doi/10.1093/g3journal/jkaf159/63730081/jkaf159.pdf,True,True,False,2,40
379,12805673,10.1100/tsw.2001.35,1537-744X,2001,True,https://doi.org/10.1100/tsw.2001.35,https://downloads.hindawi.com/journals/tswj/2001/492635.pdf,True,True,False,21,8
380,11425297,10.1054/mehy.2000.1189,0306-9877,2001,False,https://doi.org/10.1054/mehy.2000.1189,,True,True,False,17,19
381,25284465,10.1016/j.neuro.2014.09.004,0161-813X,2014,True,https://doi.org/10.1016/j.neuro.2014.09.004,https://www.sciencedirect.com/science/article/pii/S0161813X14001661,True,True,False,13,56
382,16256410,10.1016/j.parkreldis.2005.06.010,1353-8020,2005,False,https://doi.org/10.1016/j.parkreldis.2005.06.010,,True,True,False,12,44
383,33910299,10.3760/cma.j.cn121094-20200325-00161,,2021,False,https://pubmed.ncbi.nlm.nih.gov/33910299,,True,True,False,4,0
384,28613271,10.3390/ijerph14060640,1660-4601,2017,True,https://doi.org/10.3390/ijerph14060640,https://www.mdpi.com/1660-4601/14/6/640/pdf?version=1497508093,True,True,False,3,48
385,37203180,10.1021/acschemneuro.3c00112,1948-7193,2023,False,https://doi.org/10.1021/acschemneuro.3c00112,,True,True,False,2,59
386,40343931,10.1093/genetics/iyaf087,0016-6731,2025,False,https://doi.org/10.1093/genetics/iyaf087,,True,True,False,1,37
387,41109237,10.1016/s1474-4422(25)00287-x,1474-4422,2025,False,https://doi.org/10.1016/s1474-4422(25)00287-x,,True,True,False,1,113
388,39581168,10.1016/j.parkreldis.2024.107212,1353-8020,2024,False,https://doi.org/10.1016/j.parkreldis.2024.107212,,True,True,False,1,64
389,8021635,10.1097/00005053-199407000-00001,0022-3018,1994,False,https://doi.org/10.1097/00005053-199407000-00001,,True,True,False,12,0
390,30556533,10.23749/mdl.v110i6.7215,,2018,False,https://pubmed.ncbi.nlm.nih.gov/30556533,,True,True,False,0,46
391,37292848,10.1101/2023.05.19.23290231,,2023,True,https://doi.org/10.1101/2023.05.19.23290231,https://www.medrxiv.org/content/medrxiv/early/2023/05/19/2023.05.19.23290231.full.pdf,True,False,False,0,49
392,40056341,10.1007/s12035-025-04810-y,0893-7648,2025,False,https://doi.org/10.1007/s12035-025-04810-y,,True,True,False,0,53
393,41008368,10.3390/brainsci15091008,2076-3425,2025,True,https://doi.org/10.3390/brainsci15091008,https://www.mdpi.com/2076-3425/15/9/1008/pdf?version=1758184676,True,True,False,0,38
394,14645467,10.1523/jneurosci.23-34-10756.2003,0270-6474,2003,True,https://doi.org/10.1523/jneurosci.23-34-10756.2003,https://www.jneurosci.org/content/jneuro/23/34/10756.full.pdf,True,True,False,1053,52
395,24389262,10.2741/s415,1944-7906,2014,False,https://doi.org/10.2741/s415,,True,True,False,727,0
396,24050700,10.1146/annurev-pharmtox-011613-135937,0362-1642,2013,True,https://doi.org/10.1146/annurev-pharmtox-011613-135937,https://www.annualreviews.org/doi/pdf/10.1146/annurev-pharmtox-011613-135937,True,True,False,484,197
397,11826108,10.1523/jneurosci.22-03-00782.2002,0270-6474,2002,True,https://doi.org/10.1523/jneurosci.22-03-00782.2002,http://www.jneurosci.org/content/jneuro/22/3/782.full.pdf,True,True,False,436,48
398,24290359,10.1016/j.cell.2013.11.009,0092-8674,2013,True,https://doi.org/10.1016/j.cell.2013.11.009,http://www.cell.com/article/S0092867413014220/pdf,True,True,False,431,60
399,8628466,10.1212/wnl.46.5.1275,0028-3878,1996,False,https://doi.org/10.1212/wnl.46.5.1275,,True,True,False,423,71
400,15362105,10.1002/jmr.699,0952-3499,2004,True,https://doi.org/10.1002/jmr.699,https://onlinelibrary.wiley.com/doi/pdfdirect/10.1002/jmr.699,True,True,False,338,53
401,12915048,10.1016/s0165-6147(03)00176-7,0165-6147,2003,False,https://doi.org/10.1016/s0165-6147(03)00176-7,,True,True,False,322,70
402,18157908,10.1002/ana.21288,0364-5134,2007,True,https://doi.org/10.1002/ana.21288,https://onlinelibrary.wiley.com/doi/pdfdirect/10.1002/ana.21288,True,True,False,216,38
403,20097775,10.1124/mol.109.062174,0026-895X,2010,True,https://doi.org/10.1124/mol.109.062174,https://molpharm.aspetjournals.org/content/molpharm/77/4/621.full.pdf,True,True,False,208,50
404,22574684,10.3109/10408444.2012.680431,1040-8444,2012,False,https://doi.org/10.3109/10408444.2012.680431,,True,True,False,194,172
405,17879265,10.1002/syn.20456,0887-4476,2007,False,https://doi.org/10.1002/syn.20456,,True,True,False,188,54
406,35647576,10.3389/ftox.2022.837579,2673-3080,2022,True,https://doi.org/10.3389/ftox.2022.837579,https://www.frontiersin.org/articles/10.3389/ftox.2022.837579/pdf,True,True,False,145,226
407,34719434,10.3233/jpd-212922,1877-7171,2021,True,https://doi.org/10.3233/jpd-212922,https://content.iospress.com:443/download/journal-of-parkinsons-disease/jpd212922?id=journal-of-parkinsons-disease%2Fjpd212922,True,True,False,134,201
408,31829802,10.1080/07315724.2019.1683379,0731-5724,2019,True,https://doi.org/10.1080/07315724.2019.1683379,https://www.tandfonline.com/doi/pdf/10.1080/07315724.2019.1683379?needAccess=true,True,True,False,129,92
409,37468944,10.1186/s40035-023-00368-8,2047-9158,2023,True,https://doi.org/10.1186/s40035-023-00368-8,https://translationalneurodegeneration.biomedcentral.com/counter/pdf/10.1186/s40035-023-00368-8,True,True,False,123,336
410,26549647,10.1016/j.lfs.2015.11.006,0024-3205,2015,False,https://doi.org/10.1016/j.lfs.2015.11.006,,True,True,False,120,198
411,27866991,10.1016/j.neuro.2016.11.006,0161-813X,2016,False,https://doi.org/10.1016/j.neuro.2016.11.006,,True,True,False,119,39
412,33314312,10.1002/mds.28411,0885-3185,2020,False,https://doi.org/10.1002/mds.28411,,True,True,False,119,127
413,25688361,10.1155/2015/672838,2314-6133,2015,True,https://doi.org/10.1155/2015/672838,http://downloads.hindawi.com/journals/bmri/2015/672838.pdf,True,True,False,106,209
414,21482445,10.1016/j.neurobiolaging.2011.02.016,0197-4580,2011,False,https://doi.org/10.1016/j.neurobiolaging.2011.02.016,,True,True,False,105,102
415,17127363,10.2741/2128,1093-4715,2006,True,https://doi.org/10.2741/2128,https://article.imrpress.com/bri/Landmark/articles/pdf/Landmark2128.pdf,True,True,False,102,133
416,15272223,10.1159/000078506,0251-5350,2004,False,https://doi.org/10.1159/000078506,,True,True,False,99,67
417,31999942,10.1016/s1474-4422(19)30400-4,1474-4422,2020,False,https://doi.org/10.1016/s1474-4422(19)30400-4,,True,True,False,73,64
418,32825242,10.3390/ijms21175981,1422-0067,2020,True,https://doi.org/10.3390/ijms21175981,https://www.mdpi.com/1422-0067/21/17/5981/pdf?version=1597903682,True,True,False,65,64
419,35203939,10.3390/brainsci12020175,2076-3425,2022,True,https://doi.org/10.3390/brainsci12020175,https://www.mdpi.com/2076-3425/12/2/175/pdf?version=1643373162,True,True,False,65,168
420,33636387,10.1016/j.nbd.2021.105312,0969-9961,2021,True,https://doi.org/10.1016/j.nbd.2021.105312,,True,True,False,63,75
421,30558363,10.3390/ijerph15122885,1660-4601,2018,True,https://doi.org/10.3390/ijerph15122885,https://www.mdpi.com/1660-4601/15/12/2885/pdf?version=1544950796,True,True,False,53,31
422,37787774,10.1007/s00204-023-03604-2,0340-5761,2023,False,https://doi.org/10.1007/s00204-023-03604-2,,True,True,False,37,169
423,39595543,10.3390/biom14111366,2218-273X,2024,True,https://doi.org/10.3390/biom14111366,,True,True,False,15,153
424,8170560,10.1212/wnl.43.6.1150,0028-3878,1993,False,https://doi.org/10.1212/wnl.43.6.1150,,True,True,False,232,0
425,12428734,10.1016/s0161-813x(02)00092-x,0161-813X,2002,False,https://doi.org/10.1016/s0161-813x(02)00092-x,,True,True,False,212,69
426,8030397,10.1111/j.1600-0404.1994.tb01655.x,0001-6314,2009,False,https://doi.org/10.1111/j.1600-0404.1994.tb01655.x,,True,True,False,151,92
427,17673256,10.1016/j.jns.2007.06.024,0022-510X,2007,False,https://doi.org/10.1016/j.jns.2007.06.024,,True,True,False,136,106
428,8139607,10.1002/mds.870090111,0885-3185,1994,False,https://doi.org/10.1002/mds.870090111,,True,True,False,135,26
429,2207882,10.1017/s0317167100030584,0317-1671,1990,True,https://doi.org/10.1017/s0317167100030584,https://www.cambridge.org/core/services/aop-cambridge-core/content/view/A7BD0CA377299EE19041DA5D813BA55E/S0317167100030584a.pdf/div-class-title-facteurs-environnementaux-dans-l-etiologie-de-la-maladie-de-parkinson-div.pdf,True,True,False,124,32
430,18663495,10.1007/s10048-008-0137-1,1364-6745,2008,False,https://doi.org/10.1007/s10048-008-0137-1,,True,True,False,108,46
431,20025075,10.1002/ajim.20788,0271-3586,2009,False,https://doi.org/10.1002/ajim.20788,,True,True,False,107,34
432,11569943,,,2001,False,https://pubmed.ncbi.nlm.nih.gov/11569943,,True,True,False,106,0
433,20187243,10.1002/mds.22721,0885-3185,2010,False,https://doi.org/10.1002/mds.22721,,True,True,False,95,79
434,20036686,10.1016/j.neuro.2009.12.007,0161-813X,2009,False,https://doi.org/10.1016/j.neuro.2009.12.007,,True,True,False,92,69
435,21234368,10.4061/2011/951709,2042-0080,2010,True,https://doi.org/10.4061/2011/951709,https://downloads.hindawi.com/journals/pd/2011/951709.pdf,True,True,False,91,166
436,12140099,10.1016/s0303-8467(02)00027-6,0303-8467,2002,False,https://doi.org/10.1016/s0303-8467(02)00027-6,,True,True,False,86,46
437,22687345,10.1016/j.yhbeh.2012.05.013,0018-506X,2012,False,https://doi.org/10.1016/j.yhbeh.2012.05.013,,True,True,False,72,63
438,27884192,10.1186/s13024-016-0135-y,1750-1326,2016,True,https://doi.org/10.1186/s13024-016-0135-y,https://molecularneurodegeneration.biomedcentral.com/track/pdf/10.1186/s13024-016-0135-y,True,True,False,60,55
439,27317300,10.1016/j.expneurol.2016.06.014,0014-4886,2016,False,https://doi.org/10.1016/j.expneurol.2016.06.014,,True,True,False,58,59
440,12210872,10.1002/mds.10172,0885-3185,2002,False,https://doi.org/10.1002/mds.10172,,True,True,False,52,22
441,32375810,10.1186/s12974-020-01823-3,1742-2094,2020,True,https://doi.org/10.1186/s12974-020-01823-3,https://jneuroinflammation.biomedcentral.com/track/pdf/10.1186/s12974-020-01823-3,True,True,False,45,49
442,26740407,10.1016/j.brainres.2015.12.036,0006-8993,2015,False,https://doi.org/10.1016/j.brainres.2015.12.036,,True,True,False,42,86
443,26010367,10.1371/journal.pone.0128030,1932-6203,2015,True,https://doi.org/10.1371/journal.pone.0128030,https://journals.plos.org/plosone/article/file?id=10.1371/journal.pone.0128030&type=printable,True,True,False,39,27
444,17046990,10.1093/occmed/kql109,0962-7480,2006,True,https://doi.org/10.1093/occmed/kql109,https://academic.oup.com/occmed/article-pdf/57/1/50/4439569/kql109.pdf,True,True,False,37,26
445,23055790,10.5607/en.2012.21.3.123,1226-2560,2012,True,https://doi.org/10.5607/en.2012.21.3.123,https://www.en-journal.org/journal/download_pdf.php?uid=159,True,True,False,37,36
446,33893220,10.1523/jneurosci.2770-20.2021,0270-6474,2021,True,https://doi.org/10.1523/jneurosci.2770-20.2021,https://www.jneurosci.org/content/jneuro/41/22/4937.full.pdf,True,True,False,36,77
447,30446643,10.1038/s41467-018-07201-1,2041-1723,2018,True,https://doi.org/10.1038/s41467-018-07201-1,https://www.nature.com/articles/s41467-018-07201-1.pdf,True,True,False,35,52
448,26130061,10.1016/j.neurobiolaging.2015.06.001,0197-4580,2015,False,https://doi.org/10.1016/j.neurobiolaging.2015.06.001,,True,True,False,28,38
449,33724550,10.1002/mds.28563,0885-3185,2021,False,https://doi.org/10.1002/mds.28563,,True,True,False,28,25
450,26439313,10.1016/j.expneurol.2015.09.017,0014-4886,2015,False,https://doi.org/10.1016/j.expneurol.2015.09.017,,True,True,False,27,66
451,33212211,10.1016/j.fct.2020.111860,0278-6915,2020,False,https://doi.org/10.1016/j.fct.2020.111860,,True,True,False,27,71
452,34347978,10.1615/critreveukaryotgeneexpr.2021037550,1045-4403,2021,False,https://doi.org/10.1615/critreveukaryotgeneexpr.2021037550,,True,True,False,25,0
453,33894333,10.1016/j.neulet.2021.135903,0304-3940,2021,False,https://doi.org/10.1016/j.neulet.2021.135903,,True,True,False,25,44
454,36724408,10.1021/acschemneuro.2c00730,1948-7193,2023,False,https://doi.org/10.1021/acschemneuro.2c00730,,True,True,False,25,126
455,38113326,10.1002/ana.26852,0364-5134,2023,True,https://doi.org/10.1002/ana.26852,https://onlinelibrary.wiley.com/doi/pdfdirect/10.1002/ana.26852,True,True,False,23,59
456,32421776,10.1093/toxsci/kfaa071,1096-0929,2020,True,https://doi.org/10.1093/toxsci/kfaa071,https://academic.oup.com/toxsci/article-pdf/176/2/366/33629804/kfaa071.pdf,True,True,False,19,131
457,37607008,10.1093/toxsci/kfad086,1096-0929,2023,True,https://doi.org/10.1093/toxsci/kfad086,https://academic.oup.com/toxsci/advance-article-pdf/doi/10.1093/toxsci/kfad086/51218925/kfad086.pdf,True,True,False,18,144
458,39520734,10.1016/j.puhe.2024.10.035,0033-3506,2024,False,https://doi.org/10.1016/j.puhe.2024.10.035,,True,True,False,7,100
459,40362688,10.3390/ijms26094451,1422-0067,2025,True,https://doi.org/10.3390/ijms26094451,https://www.mdpi.com/1422-0067/26/9/4451/pdf?version=1746622797,True,True,False,6,260
460,17017522,10.1007/978-3-211-45295-0_23,,2006,False,https://doi.org/10.1007/978-3-211-45295-0_23,,True,True,False,91,28
461,15509894,10.1159/000080707,0378-5866,2004,False,https://doi.org/10.1159/000080707,,True,True,False,72,85
462,12088093,10.1515/reveh.2002.17.1.51,0048-7554,2002,False,https://doi.org/10.1515/reveh.2002.17.1.51,,True,True,False,63,15
463,10450337,10.1590/s0004-282x1999000300001,0004-282X,1999,True,https://doi.org/10.1590/s0004-282x1999000300001,https://www.scielo.br/j/anp/a/Hnpby3sshrqZvbpSmBCLyTh/?lang=en&format=pdf,True,True,False,50,40
464,20464527,10.1007/s12031-010-9378-1,0895-8696,2010,False,https://doi.org/10.1007/s12031-010-9378-1,,True,True,False,39,38
465,17439496,10.1111/j.1460-9568.2007.05467.x,0953-816X,2007,False,https://doi.org/10.1111/j.1460-9568.2007.05467.x,,True,True,False,35,40
466,21835224,10.1016/j.neulet.2011.07.041,0304-3940,2011,False,https://doi.org/10.1016/j.neulet.2011.07.041,,True,True,False,33,29
467,23507417,10.1016/j.parkreldis.2013.02.008,1353-8020,2013,False,https://doi.org/10.1016/j.parkreldis.2013.02.008,,True,True,False,33,33
468,15331145,10.1016/j.neulet.2004.05.108,0304-3940,2004,False,https://doi.org/10.1016/j.neulet.2004.05.108,,True,True,False,30,21
469,27246915,10.1021/acschemneuro.6b00007,1948-7193,2016,False,https://doi.org/10.1021/acschemneuro.6b00007,,True,True,False,28,63
470,26345149,10.1155/2015/812532,2042-0080,2015,True,https://doi.org/10.1155/2015/812532,http://downloads.hindawi.com/journals/pd/2015/812532.pdf,True,True,False,19,65
471,28655689,,,2017,False,https://pubmed.ncbi.nlm.nih.gov/28655689,,True,True,False,14,28
472,31781643,10.1155/2019/7901760,2314-6133,2019,True,https://doi.org/10.1155/2019/7901760,https://downloads.hindawi.com/journals/bmri/2019/7901760.pdf,True,True,False,12,22
473,31543362,10.1016/j.neurol.2019.04.010,0035-3787,2019,True,https://doi.org/10.1016/j.neurol.2019.04.010,,True,True,False,9,90
474,38995845,10.1093/toxsci/kfae091,1096-0929,2024,False,https://doi.org/10.1093/toxsci/kfae091,,True,True,False,8,113
475,37326115,10.2174/1871527322666230616092054,1871-5273,2023,False,https://doi.org/10.2174/1871527322666230616092054,,True,True,False,5,250
476,38834158,10.1016/j.neuro.2024.05.008,0161-813X,2024,False,https://doi.org/10.1016/j.neuro.2024.05.008,,True,True,False,5,47
477,9876430,10.1590/s0034-89101998000400011,0034-8910,1998,True,https://doi.org/10.1590/s0034-89101998000400011,https://www.scielo.br/j/rsp/a/G4NNJQNF7Xw43hH4pfCMZqd/?lang=pt&format=pdf,True,True,False,39,72
478,25250013,10.3389/fneur.2014.00172,1664-2295,2014,True,https://doi.org/10.3389/fneur.2014.00172,,True,True,False,16,32
479,17481595,10.1016/j.brainres.2007.03.006,0006-8993,2007,False,https://doi.org/10.1016/j.brainres.2007.03.006,,True,True,False,12,41
480,29181664,10.1007/s10517-017-3958-9,0007-4888,2017,False,https://doi.org/10.1007/s10517-017-3958-9,,True,True,False,9,14
481,30468634,10.2741/e842,1944-7892,2018,False,https://doi.org/10.2741/e842,,True,True,False,8,0
482,37351784,10.1007/s12035-023-03436-2,0893-7648,2023,False,https://doi.org/10.1007/s12035-023-03436-2,,True,True,False,7,52
483,38746441,10.1101/2024.04.26.590998,,2024,False,https://doi.org/10.1101/2024.04.26.590998,,True,False,False,4,107
484,34477534,10.2174/1871527320666210903101841,1871-5273,2021,False,https://doi.org/10.2174/1871527320666210903101841,,True,True,False,3,275
485,18606871,10.1124/jpet.108.141861,0022-3565,2008,False,https://doi.org/10.1124/jpet.108.141861,,True,True,False,11,41
486,37638586,10.2174/1874609816666230515121717,1874-6098,2023,False,https://doi.org/10.2174/1874609816666230515121717,,True,True,False,3,188
487,34477539,10.2174/1871527320666210903091447,1871-5273,2021,False,https://doi.org/10.2174/1871527320666210903091447,,True,True,False,2,41
488,37337287,10.1002/jdn.10282,0736-5748,2023,False,https://doi.org/10.1002/jdn.10282,,True,True,False,1,62
489,40988055,10.1186/s12964-025-02399-2,1478-811X,2025,True,https://doi.org/10.1186/s12964-025-02399-2,https://biosignaling.biomedcentral.com/counter/pdf/10.1186/s12964-025-02399-2,True,True,False,1,56
490,38196602,10.21203/rs.3.rs-3683455/v1,,2023,True,https://doi.org/10.21203/rs.3.rs-3683455/v1,https://www.researchsquare.com/article/rs-3683455/latest.pdf,True,False,False,1,62
491,40915556,10.1016/j.ejphar.2025.178125,0014-2999,2025,False,https://doi.org/10.1016/j.ejphar.2025.178125,,True,True,False,0,36
492,40970415,10.1002/mdc3.70354,2330-1619,2025,False,https://doi.org/10.1002/mdc3.70354,,True,True,False,0,34
493,28273839,10.3390/ijms18030551,1422-0067,2017,True,https://doi.org/10.3390/ijms18030551,https://www.mdpi.com/1422-0067/18/3/551/pdf?version=1488611175,True,True,False,532,143
494,11796748,10.1046/j.0022-3042.2001.00676.x,0022-3042,2001,False,https://doi.org/10.1046/j.0022-3042.2001.00676.x,,True,True,False,398,58
495,15258850,10.1007/s00441-004-0937-z,0302-766X,2004,False,https://doi.org/10.1007/s00441-004-0937-z,,True,True,False,309,173
496,12911755,10.1046/j.1460-9568.2003.02781.x,0953-816X,2003,False,https://doi.org/10.1046/j.1460-9568.2003.02781.x,,True,True,False,273,55
497,9426868,10.3109/9781420019223-6,2042-0080,2007,False,https://doi.org/10.3109/9781420019223-6,,True,True,False,266,0
498,15144868,10.1016/j.expneurol.2004.01.023,0014-4886,2004,False,https://doi.org/10.1016/j.expneurol.2004.01.023,,True,True,False,227,55
499,27598189,10.3390/ijerph13090881,1660-4601,2016,True,https://doi.org/10.3390/ijerph13090881,https://www.mdpi.com/1660-4601/13/9/881/pdf?version=1472899297,True,True,False,216,137
500,22166429,10.1016/s1353-8020(11)70057-8,1353-8020,2011,False,https://doi.org/10.1016/s1353-8020(11)70057-8,,True,True,False,184,126
501,29883227,10.1080/00207454.2018.1486837,0020-7454,2018,False,https://doi.org/10.1080/00207454.2018.1486837,,True,True,False,120,432
502,30099890,10.3920/bm2017.0202,1876-2883,2018,False,https://doi.org/10.3920/bm2017.0202,,True,True,False,115,89
503,32337944,10.5114/fn.2019.89857,1509-572X,2019,True,https://doi.org/10.5114/fn.2019.89857,https://www.termedia.pl/Journal/-20/pdf-38634-10?filename=Rotenone from modelling.pdf,True,True,False,115,77
504,26343921,10.1016/j.neurol.2015.07.011,0035-3787,2015,False,https://doi.org/10.1016/j.neurol.2015.07.011,,True,True,False,105,165
505,24158912,10.1007/s13311-013-0234-1,1878-7479,2013,True,https://doi.org/10.1007/s13311-013-0234-1,https://link.springer.com/content/pdf/10.1007/s13311-013-0234-1.pdf,True,True,False,103,192
506,34068064,10.3390/bs11050074,2076-328X,2021,True,https://doi.org/10.3390/bs11050074,https://www.mdpi.com/2076-328X/11/5/74/pdf?version=1621308905,True,True,False,91,184
507,36142718,10.3390/ijms231810808,1422-0067,2022,True,https://doi.org/10.3390/ijms231810808,https://www.mdpi.com/1422-0067/23/18/10808/pdf?version=1663322238,True,True,False,71,327
508,24321326,10.1186/1471-2377-13-194,1471-2377,2013,True,https://doi.org/10.1186/1471-2377-13-194,https://bmcneurol.biomedcentral.com/counter/pdf/10.1186/1471-2377-13-194,True,True,False,55,24
509,38684891,10.1038/s41593-024-01627-1,1097-6256,2024,False,https://doi.org/10.1038/s41593-024-01627-1,,True,True,False,51,103
510,37811009,10.1097/ms9.0000000000001142,2049-0801,2023,True,https://doi.org/10.1097/ms9.0000000000001142,,True,True,False,46,215
511,36427528,10.1055/s-0042-1758780,0271-8235,2022,False,https://doi.org/10.1055/s-0042-1758780,,True,True,False,41,168
512,38607765,10.3233/jpd-240019,1877-7171,2024,True,https://doi.org/10.3233/jpd-240019,,True,True,False,27,169
513,38309714,10.1093/ije/dyae004,0300-5771,2024,True,https://doi.org/10.1093/ije/dyae004,https://academic.oup.com/ije/article-pdf/53/1/dyae004/56578882/dyae004.pdf,True,True,False,24,32
514,38705492,10.1016/j.nbd.2024.106522,0969-9961,2024,True,https://doi.org/10.1016/j.nbd.2024.106522,,True,True,False,22,84
515,3352909,10.1212/wnl.38.4.550,0028-3878,1988,False,https://doi.org/10.1212/wnl.38.4.550,,True,True,False,260,0
516,10581500,10.1002/(sici)1096-8628(19991215)88:6<742::aid-ajmg29>3.0.co;2-#,0148-7299,1999,False,https://doi.org/10.1002/(sici)1096-8628(19991215)88:6<742::aid-ajmg29>3.0.co;2-#,,True,True,False,180,61
517,17291500,10.1016/j.expneurol.2006.12.020,0014-4886,2007,False,https://doi.org/10.1016/j.expneurol.2006.12.020,,True,True,False,144,86
518,9778597,10.1159/000026185,0251-5350,1998,False,https://doi.org/10.1159/000026185,,True,True,False,125,31
519,21234362,10.4061/2011/713517,2042-0080,2010,True,https://doi.org/10.4061/2011/713517,https://downloads.hindawi.com/journals/pd/2011/713517.pdf,True,True,False,90,215
520,23789887,10.1111/febs.12401,1742-464X,2013,False,https://doi.org/10.1111/febs.12401,,True,True,False,88,44
521,21958961,10.1016/j.neurobiolaging.2011.08.014,0197-4580,2011,False,https://doi.org/10.1016/j.neurobiolaging.2011.08.014,,True,True,False,88,49
522,16797138,10.1016/j.neuroscience.2006.05.039,0306-4522,2006,False,https://doi.org/10.1016/j.neuroscience.2006.05.039,,True,True,False,81,66
523,18695511,10.1097/wnr.0b013e32830abc1f,0959-4965,2008,False,https://doi.org/10.1097/wnr.0b013e32830abc1f,,True,True,False,73,23
524,23065353,10.1007/s12031-012-9904-4,0895-8696,2012,False,https://doi.org/10.1007/s12031-012-9904-4,,True,True,False,67,29
525,19232380,10.1016/j.neuroscience.2009.01.080,0306-4522,2009,False,https://doi.org/10.1016/j.neuroscience.2009.01.080,,True,True,False,65,43
526,26942037,10.1155/2016/6465793,2042-0080,2016,True,https://doi.org/10.1155/2016/6465793,http://downloads.hindawi.com/journals/pd/2016/6465793.pdf,True,True,False,65,83
527,26239001,10.1016/j.bbr.2015.07.058,0166-4328,2015,False,https://doi.org/10.1016/j.bbr.2015.07.058,,True,True,False,64,49
528,24214023,10.1007/s11064-013-1193-y,0364-3190,2013,False,https://doi.org/10.1007/s11064-013-1193-y,,True,True,False,61,45
529,32215173,10.1155/2020/4293071,1942-0900,2020,True,https://doi.org/10.1155/2020/4293071,https://downloads.hindawi.com/journals/omcl/2020/4293071.pdf,True,True,False,61,188
530,17876851,10.1002/mds.21707,0885-3185,2007,False,https://doi.org/10.1002/mds.21707,,True,True,False,57,35
531,32481507,10.3390/molecules25112502,1420-3049,2020,True,https://doi.org/10.3390/molecules25112502,https://www.mdpi.com/1420-3049/25/11/2502/pdf?version=1591621338,True,True,False,47,57
532,20542083,10.1016/j.neulet.2010.06.018,0304-3940,2010,False,https://doi.org/10.1016/j.neulet.2010.06.018,,True,True,False,46,25
533,27756609,10.1016/j.vascn.2016.10.003,1056-8719,2016,False,https://doi.org/10.1016/j.vascn.2016.10.003,,True,True,False,44,33
534,18605226,,,2007,False,https://pubmed.ncbi.nlm.nih.gov/18605226,,True,True,False,43,6
535,30799335,10.2169/internalmedicine.2028-18,0918-2918,2019,True,https://doi.org/10.2169/internalmedicine.2028-18,https://www.jstage.jst.go.jp/article/internalmedicine/58/13/58_2028-18/_pdf,True,True,False,42,17
536,24613722,10.1016/j.neuroscience.2014.02.028,0306-4522,2014,False,https://doi.org/10.1016/j.neuroscience.2014.02.028,,True,True,False,41,42
537,30564462,10.1038/s41420-018-0119-5,2058-7716,2018,True,https://doi.org/10.1038/s41420-018-0119-5,https://www.nature.com/articles/s41420-018-0119-5.pdf,True,True,False,36,35
538,33396565,10.3390/biom11010051,2218-273X,2020,True,https://doi.org/10.3390/biom11010051,https://www.mdpi.com/2218-273X/11/1/51/pdf,True,True,False,34,600
539,33388679,10.1016/j.envpol.2020.116379,0269-7491,2020,False,https://doi.org/10.1016/j.envpol.2020.116379,,True,True,False,31,81
540,35274200,10.1007/s12031-022-01990-3,0895-8696,2022,False,https://doi.org/10.1007/s12031-022-01990-3,,True,True,False,27,57
541,21950265,10.1021/tx200366j,0893-228X,2011,True,https://doi.org/10.1021/tx200366j,https://pubs.acs.org/doi/pdf/10.1021/tx200366j,True,True,False,26,30
542,29520721,10.1007/s12640-018-9882-6,1029-8428,2018,False,https://doi.org/10.1007/s12640-018-9882-6,,True,True,False,24,59
543,37598566,10.1016/j.prp.2023.154757,0344-0338,2023,False,https://doi.org/10.1016/j.prp.2023.154757,,True,True,False,19,128
544,36703582,10.2174/1570159x21666230126161524,1570-159X,2023,False,https://doi.org/10.2174/1570159x21666230126161524,,True,True,False,18,134
545,33617931,10.1016/j.neuint.2021.105000,0197-0186,2021,False,https://doi.org/10.1016/j.neuint.2021.105000,,True,True,False,17,82
546,35725899,10.1038/s41380-022-01663-y,1359-4184,2022,False,https://doi.org/10.1038/s41380-022-01663-y,,True,True,False,15,38
547,38670424,10.1016/j.envpol.2024.124035,0269-7491,2024,False,https://doi.org/10.1016/j.envpol.2024.124035,,True,True,False,11,57
548,38249738,10.3389/fneur.2023.1252400,1664-2295,2024,True,https://doi.org/10.3389/fneur.2023.1252400,https://www.frontiersin.org/articles/10.3389/fneur.2023.1252400/pdf?isPublishedV2=False,True,True,False,10,125
549,40335465,10.1038/s41467-025-56829-3,2041-1723,2025,True,https://doi.org/10.1038/s41467-025-56829-3,https://www.nature.com/articles/s41467-025-56829-3.pdf,True,True,False,8,104
550,12716439,10.1046/j.1471-4159.2003.01773.x,0022-3042,2003,False,https://doi.org/10.1046/j.1471-4159.2003.01773.x,,True,True,False,74,75
551,9239542,10.1023/a:1022642114734,0145-479X,1997,False,https://doi.org/10.1023/a:1022642114734,,True,True,False,65,179
552,15655264,10.1385/jmn:24:3:425,0895-8696,2004,False,https://doi.org/10.1385/jmn:24:3:425,,True,True,False,60,179
553,15829184,10.1179/016164105x22057,0161-6412,2005,False,https://doi.org/10.1179/016164105x22057,,True,True,False,58,13
554,20947215,10.1016/j.neurobiolaging.2010.08.010,0197-4580,2010,False,https://doi.org/10.1016/j.neurobiolaging.2010.08.010,,True,True,False,34,0
555,24970188,10.3390/biom3030703,2218-273X,2013,True,https://doi.org/10.3390/biom3030703,https://www.mdpi.com/2218-273X/3/3/703/pdf?version=1380022009,True,True,False,27,129
556,26844243,10.1016/j.ynstr.2015.09.001,2352-2895,2015,True,https://doi.org/10.1016/j.ynstr.2015.09.001,,True,True,False,24,55
557,22971641,10.2133/dmpk.dmpk-12-rg-075,1347-4367,2013,False,https://doi.org/10.2133/dmpk.dmpk-12-rg-075,,True,True,False,22,37
558,31422100,10.1016/j.neulet.2019.134438,0304-3940,2019,False,https://doi.org/10.1016/j.neulet.2019.134438,,True,True,False,22,32
559,21843543,10.1016/j.taap.2011.07.015,0041-008X,2011,False,https://doi.org/10.1016/j.taap.2011.07.015,,True,True,False,21,53
560,19944740,10.1016/j.neulet.2009.11.064,0304-3940,2009,False,https://doi.org/10.1016/j.neulet.2009.11.064,,True,True,False,18,15
561,33841309,10.3389/fneur.2021.642604,1664-2295,2021,True,https://doi.org/10.3389/fneur.2021.642604,,True,True,False,16,36
562,35267379,10.3390/foods11050746,2304-8158,2022,True,https://doi.org/10.3390/foods11050746,https://www.mdpi.com/2304-8158/11/5/746/pdf?version=1646879576,True,True,False,13,79
563,36764072,10.1016/j.ecoenv.2023.114630,0147-6513,2023,True,https://doi.org/10.1016/j.ecoenv.2023.114630,,True,True,False,12,29
564,20037210,10.3233/dma-2009-0667,,2009,False,https://pubmed.ncbi.nlm.nih.gov/20037210,,True,True,False,11,25
565,39779703,10.1038/s41531-024-00864-2,2373-8057,2025,True,https://doi.org/10.1038/s41531-024-00864-2,https://www.nature.com/articles/s41531-024-00864-2.pdf,True,True,False,5,104
566,9877530,10.1177/089198879801100207,0891-9887,1998,False,https://doi.org/10.1177/089198879801100207,,True,True,False,49,133
567,9592786,10.1159/000026159,0251-5350,1998,False,https://doi.org/10.1159/000026159,,True,True,False,40,48
568,15033812,10.1196/annals.1299.125,0077-8923,2003,False,https://doi.org/10.1196/annals.1299.125,,True,True,False,37,5
569,19539006,10.1016/j.tox.2009.06.004,0300-483X,2009,False,https://doi.org/10.1016/j.tox.2009.06.004,,True,True,False,19,21
570,24680743,10.1016/j.brainres.2014.03.031,0006-8993,2014,False,https://doi.org/10.1016/j.brainres.2014.03.031,,True,True,False,17,32
571,26393432,10.1016/j.bbr.2015.09.025,0166-4328,2015,False,https://doi.org/10.1016/j.bbr.2015.09.025,,True,True,False,10,45
572,37277017,10.1016/j.fct.2023.113846,0278-6915,2023,False,https://doi.org/10.1016/j.fct.2023.113846,,True,True,False,7,70
573,36645005,10.1042/bst20221172,0300-5127,2023,True,https://doi.org/10.1042/bst20221172,https://portlandpress.com/biochemsoctrans/article-pdf/doi/10.1042/BST20221172/941960/bst-2022-1172c.pdf,True,True,False,5,97
574,38786023,10.3390/cells13100799,2073-4409,2024,True,https://doi.org/10.3390/cells13100799,https://www.mdpi.com/2073-4409/13/10/799/pdf?version=1715154092,True,True,False,5,72
575,37727589,10.1016/j.dib.2023.109534,2352-3409,2023,True,https://doi.org/10.1016/j.dib.2023.109534,,True,True,False,3,6
576,39945257,10.2174/0115665232342211250207064205,1566-5232,2025,False,https://doi.org/10.2174/0115665232342211250207064205,,True,True,False,2,0
577,40720065,10.1007/s12640-025-00753-3,1029-8428,2025,False,https://doi.org/10.1007/s12640-025-00753-3,,True,True,False,2,35
578,1898265,10.1001/archneur.1991.00530200108029,0003-9942,1991,False,https://doi.org/10.1001/archneur.1991.00530200108029,,True,True,False,19,28
579,19120153,10.1196/annals.1410.009,0077-8923,2008,False,https://doi.org/10.1196/annals.1410.009,,True,True,False,15,33
580,25048945,10.1016/j.chemosphere.2014.05.035,0045-6535,2014,False,https://doi.org/10.1016/j.chemosphere.2014.05.035,,True,True,False,10,42
581,34306610,10.1155/2021/5541760,2042-0080,2021,True,https://doi.org/10.1155/2021/5541760,https://downloads.hindawi.com/journals/pd/2021/5541760.pdf,True,True,False,5,56
582,39549548,10.1016/j.intimp.2024.113608,1567-5769,2024,False,https://doi.org/10.1016/j.intimp.2024.113608,,True,True,False,2,49
583,39239897,10.18097/pbmc20247004231,2310-6905,2024,False,http://doi.org/10.18097/pbmc20247004231,,True,True,False,1,54
584,40945845,10.1016/j.neuroscience.2025.08.060,0306-4522,2025,False,https://doi.org/10.1016/j.neuroscience.2025.08.060,,True,True,False,1,154
585,8585613,10.1006/abio.1995.1430,0003-2697,1995,True,https://doi.org/10.1006/abio.1995.1430,,True,True,False,12,0
586,1623441,10.1017/s0317167100042219,0317-1671,1992,True,https://doi.org/10.1017/s0317167100042219,https://www.cambridge.org/core/services/aop-cambridge-core/content/view/4FF492979A07503EB3A3DA7215DFF769/S0317167100042219a.pdf/div-class-title-life-style-and-dietary-factors-early-and-late-in-parkinson-s-disease-div.pdf,True,True,False,26,16
587,15994111,10.1016/j.parkreldis.2005.04.002,1353-8020,2005,False,https://doi.org/10.1016/j.parkreldis.2005.04.002,,True,True,False,0,23
588,38691483,10.4103/neuroindia.ni_596_20,0028-3886,2024,True,https://doi.org/10.4103/neuroindia.ni_596_20,,True,True,False,0,29
589,40417919,10.1080/01480545.2025.2495361,0148-0545,2025,False,https://doi.org/10.1080/01480545.2025.2495361,,True,True,False,0,53
590,40899387,10.1002/acn3.70174,2328-9503,2025,True,https://doi.org/10.1002/acn3.70174,https://onlinelibrary.wiley.com/doi/pdfdirect/10.1002/acn3.70174,True,True,False,0,45
591,41087413,10.1038/s41531-025-01150-5,2373-8057,2025,True,https://doi.org/10.1038/s41531-025-01150-5,https://www.nature.com/articles/s41531-025-01150-5.pdf,True,True,False,0,38
592,21626386,10.1007/s10654-011-9581-6,0393-2990,2011,False,https://doi.org/10.1007/s10654-011-9581-6,,True,True,False,1173,744
593,26217195,10.3389/fnana.2015.00091,1662-5129,2015,True,https://doi.org/10.3389/fnana.2015.00091,https://www.frontiersin.org/articles/10.3389/fnana.2015.00091/pdf,True,True,False,840,147
594,12127150,10.1006/nbdi.2002.0507,0969-9961,2002,False,https://doi.org/10.1006/nbdi.2002.0507,,True,True,False,818,39
595,23317040,10.1146/annurev-ento-120811-153645,0066-4170,2013,False,https://doi.org/10.1146/annurev-ento-120811-153645,,True,True,False,767,153
596,12385818,10.1016/s0166-4328(02)00180-8,0166-4328,2002,False,https://doi.org/10.1016/s0166-4328(02)00180-8,,True,True,False,469,11
597,18342017,10.1016/j.freeradbiomed.2008.02.008,0891-5849,2008,False,https://doi.org/10.1016/j.freeradbiomed.2008.02.008,,True,True,False,317,197
598,15790535,10.1016/j.molbrainres.2004.11.007,0169-328X,2005,False,https://doi.org/10.1016/j.molbrainres.2004.11.007,,True,True,False,291,67
599,23623990,10.1016/j.neuroscience.2013.04.037,0306-4522,2013,False,https://doi.org/10.1016/j.neuroscience.2013.04.037,,True,True,False,193,41
600,18555207,10.1016/j.bcp.2008.05.010,0006-2952,2008,False,https://doi.org/10.1016/j.bcp.2008.05.010,,True,True,False,189,105
601,16242641,10.1016/j.nbd.2005.03.018,0969-9961,2005,False,https://doi.org/10.1016/j.nbd.2005.03.018,,True,True,False,181,53
602,27148593,10.1038/npjparkd.2015.2,2373-8057,2015,True,https://doi.org/10.1038/npjparkd.2015.2,https://www.nature.com/articles/npjparkd20152.pdf,True,True,False,163,51
603,34500451,10.1159/000518147,0250-6807,2021,True,https://doi.org/10.1159/000518147,https://www.karger.com/Article/Pdf/518147,True,True,False,130,29
604,22899187,10.1007/s12035-012-8318-1,0893-7648,2012,False,https://doi.org/10.1007/s12035-012-8318-1,,True,True,False,129,216
605,30368226,10.1016/j.pharep.2018.08.004,1734-1140,2018,False,https://doi.org/10.1016/j.pharep.2018.08.004,,True,True,False,109,57
606,30798073,10.1016/j.redox.2019.101134,2213-2317,2019,True,https://doi.org/10.1016/j.redox.2019.101134,,True,True,False,105,81
607,33081318,10.3390/antiox9101007,2076-3921,2020,True,https://doi.org/10.3390/antiox9101007,https://www.mdpi.com/2076-3921/9/10/1007/pdf,True,True,False,105,260
608,28417442,10.1007/s40572-017-0143-2,2196-5412,2017,False,https://doi.org/10.1007/s40572-017-0143-2,,True,True,False,96,105
609,28769760,10.3389/fnmol.2017.00225,1662-5099,2017,True,https://doi.org/10.3389/fnmol.2017.00225,https://www.frontiersin.org/articles/10.3389/fnmol.2017.00225/pdf,True,True,False,95,159
610,29204935,10.1007/s11356-017-0842-0,0944-1344,2017,False,https://doi.org/10.1007/s11356-017-0842-0,,True,True,False,91,76
611,32375371,10.3390/ijms21093254,1422-0067,2020,True,https://doi.org/10.3390/ijms21093254,https://www.mdpi.com/1422-0067/21/9/3254/pdf?version=1588590265,True,True,False,91,34
612,31706021,10.1016/j.nbd.2019.104671,0969-9961,2019,True,https://doi.org/10.1016/j.nbd.2019.104671,,True,True,False,86,137
613,29543651,10.1097/fbp.0000000000000389,0955-8810,2018,False,https://doi.org/10.1097/fbp.0000000000000389,,True,True,False,69,94
614,37626097,10.1038/s41531-023-00568-z,2373-8057,2023,True,https://doi.org/10.1038/s41531-023-00568-z,https://www.nature.com/articles/s41531-023-00568-z.pdf,True,True,False,63,181
615,34822863,10.1016/j.chemosphere.2021.132982,0045-6535,2021,False,https://doi.org/10.1016/j.chemosphere.2021.132982,,True,True,False,57,45
616,32996088,10.1007/s11356-020-10950-6,0944-1344,2020,False,https://doi.org/10.1007/s11356-020-10950-6,,True,True,False,54,246
617,34758470,10.1159/000520726,0251-5350,2021,False,https://doi.org/10.1159/000520726,,True,True,False,41,19
618,39601461,10.1002/mds.30067,0885-3185,2024,True,https://doi.org/10.1002/mds.30067,,True,True,False,24,195
619,39356746,10.1126/scitranslmed.adl3438,1946-6234,2024,False,https://doi.org/10.1126/scitranslmed.adl3438,,True,True,False,21,51
620,8806381,10.2105/ajph.86.9.1281,0090-0036,1996,False,https://doi.org/10.2105/ajph.86.9.1281,,True,True,False,154,62
621,11783857,10.1179/107735201800339209,1077-3525,2001,False,https://doi.org/10.1179/107735201800339209,,True,True,False,143,91
622,14622122,10.1046/j.1471-4159.2003.02068.x,0022-3042,2003,False,https://doi.org/10.1046/j.1471-4159.2003.02068.x,,True,True,False,129,41
623,11903115,10.1034/j.1600-0404.2002.1o040.x,0001-6314,2002,False,https://doi.org/10.1034/j.1600-0404.2002.1o040.x,,True,True,False,119,25
624,10584666,10.1002/1531-8257(199911)14:6<928::aid-mds1004>3.0.co;2-z,0885-3185,1999,False,https://doi.org/10.1002/1531-8257(199911)14:6<928::aid-mds1004>3.0.co;2-z,,True,True,False,117,44
625,17449559,10.1136/oem.2006.032078,1351-0711,2007,False,https://doi.org/10.1136/oem.2006.032078,,True,True,False,104,46
626,16510128,10.1016/j.brainres.2006.01.060,0006-8993,2006,False,https://doi.org/10.1016/j.brainres.2006.01.060,,True,True,False,92,69
627,18187236,10.1016/j.neurobiolaging.2007.11.020,0197-4580,2008,False,https://doi.org/10.1016/j.neurobiolaging.2007.11.020,,True,True,False,91,117
628,23017109,10.1186/1750-1326-7-49,1750-1326,2012,True,https://doi.org/10.1186/1750-1326-7-49,https://molecularneurodegeneration.biomedcentral.com/counter/pdf/10.1186/1750-1326-7-49,True,True,False,80,36
629,24887138,10.1371/journal.pone.0098886,1932-6203,2014,True,https://doi.org/10.1371/journal.pone.0098886,https://journals.plos.org/plosone/article/file?id=10.1371/journal.pone.0098886&type=printable,True,True,False,75,57
630,20345925,10.1111/j.1460-9568.2010.07142.x,0953-816X,2010,False,https://doi.org/10.1111/j.1460-9568.2010.07142.x,,True,True,False,65,56
631,24122264,10.1007/s12640-013-9433-0,1029-8428,2013,False,https://doi.org/10.1007/s12640-013-9433-0,,True,True,False,64,51
632,28382610,,,2016,False,https://pubmed.ncbi.nlm.nih.gov/28382610,,True,True,False,59,121
633,28538683,10.3390/metabo7020022,2218-1989,2017,True,https://doi.org/10.3390/metabo7020022,https://www.mdpi.com/2218-1989/7/2/22/pdf?version=1495637437,True,True,False,58,108
634,24486957,10.1016/j.neuro.2014.01.004,0161-813X,2014,False,https://doi.org/10.1016/j.neuro.2014.01.004,,True,True,False,55,48
635,30859219,10.1093/toxsci/kfz069,1096-0929,2019,True,https://doi.org/10.1093/toxsci/kfz069,https://academic.oup.com/toxsci/article-pdf/169/2/593/28745579/kfz069.pdf,True,True,False,51,90
636,34052309,10.1016/j.toxlet.2021.05.008,0378-4274,2021,False,https://doi.org/10.1016/j.toxlet.2021.05.008,,True,True,False,46,71
637,21167764,10.1016/j.parkreldis.2010.11.011,1353-8020,2010,False,https://doi.org/10.1016/j.parkreldis.2010.11.011,,True,True,False,45,29
638,21781348,10.1186/1471-2377-11-89,1471-2377,2011,True,https://doi.org/10.1186/1471-2377-11-89,https://bmcneurol.biomedcentral.com/counter/pdf/10.1186/1471-2377-11-89,True,True,False,45,53
639,30203060,10.1093/toxsci/kfy219,1096-0929,2018,True,https://doi.org/10.1093/toxsci/kfy219,https://academic.oup.com/toxsci/article-pdf/166/1/3/29102033/kfy219.pdf,True,True,False,45,160
640,34669122,10.1007/s11064-021-03467-y,0364-3190,2021,False,https://doi.org/10.1007/s11064-021-03467-y,,True,True,False,41,58
641,25101650,10.2174/1874609807666140805123621,1874-6098,2014,False,https://doi.org/10.2174/1874609807666140805123621,,True,True,False,34,0
642,31304199,10.1016/j.ynstr.2019.100179,2352-2895,2019,True,https://doi.org/10.1016/j.ynstr.2019.100179,,True,True,False,32,58
643,31681140,10.3389/fneur.2019.01047,1664-2295,2019,True,https://doi.org/10.3389/fneur.2019.01047,,True,True,False,32,41
644,23567447,10.1038/srep01635,2045-2322,2013,True,https://doi.org/10.1038/srep01635,https://www.nature.com/articles/srep01635.pdf,True,True,False,30,19
645,33951636,10.1159/000515030,0251-5350,2021,False,https://doi.org/10.1159/000515030,,True,True,False,27,23
646,31749671,10.3389/fnins.2019.01032,1662-453X,2019,True,https://doi.org/10.3389/fnins.2019.01032,,True,True,False,25,78
647,21411979,10.1159/000324514,1660-2854,2011,False,https://doi.org/10.1159/000324514,,True,True,False,24,182
648,28680508,10.1186/s41021-017-0078-8,1880-7046,2017,True,https://doi.org/10.1186/s41021-017-0078-8,https://genesenvironment.biomedcentral.com/track/pdf/10.1186/s41021-017-0078-8,True,True,False,23,41
649,36726995,10.2147/dnnd.s361526,1179-9900,2023,True,https://doi.org/10.2147/dnnd.s361526,https://www.dovepress.com/getfile.php?fileID=87102,True,True,False,21,147
650,34994539,10.1021/acschemneuro.1c00741,1948-7193,2022,False,https://doi.org/10.1021/acschemneuro.1c00741,,True,True,False,19,59
651,34289071,10.1093/toxsci/kfab090,1096-0929,2021,False,https://doi.org/10.1093/toxsci/kfab090,,True,True,False,17,115
652,37174736,10.3390/cells12091336,2073-4409,2023,True,https://doi.org/10.3390/cells12091336,https://www.mdpi.com/2073-4409/12/9/1336/pdf?version=1683860820,True,True,False,15,87
653,38758347,10.1002/asia.202400377,1861-471X,2024,False,https://doi.org/10.1002/asia.202400377,,True,True,False,13,33
654,37238000,10.3390/antiox12051134,2076-3921,2023,True,https://doi.org/10.3390/antiox12051134,https://www.mdpi.com/2076-3921/12/5/1134/pdf?version=1685010650,True,True,False,12,57
655,40107260,10.1055/s-0045-1805075,0004-282X,2025,True,https://doi.org/10.1055/s-0045-1805075,,True,True,False,6,80
656,9745932,,,1998,False,https://pubmed.ncbi.nlm.nih.gov/9745932,,True,True,False,96,0
657,21801747,10.1016/j.neuro.2011.06.009,0161-813X,2011,False,https://doi.org/10.1016/j.neuro.2011.06.009,,True,True,False,38,82
658,24462953,10.1016/j.neuro.2014.01.002,0161-813X,2014,False,https://doi.org/10.1016/j.neuro.2014.01.002,,True,True,False,37,39
659,22080539,10.1136/bmjopen-2011-000283,2044-6055,2011,True,https://doi.org/10.1136/bmjopen-2011-000283,https://bmjopen.bmj.com/content/bmjopen/1/2/e000283.full.pdf,True,True,False,23,35
660,30692508,10.1038/s41419-018-1290-6,2041-4889,2019,True,https://doi.org/10.1038/s41419-018-1290-6,https://www.nature.com/articles/s41419-018-1290-6.pdf,True,True,False,23,52
661,28049942,10.1248/bpb.b16-00654,0918-6158,2016,True,https://doi.org/10.1248/bpb.b16-00654,https://www.jstage.jst.go.jp/article/bpb/40/1/40_b16-00654/_pdf,True,True,False,21,21
662,27613618,10.1007/s11064-016-2052-4,0364-3190,2016,False,https://doi.org/10.1007/s11064-016-2052-4,,True,True,False,19,170
663,27986376,10.1016/j.etp.2016.12.007,0940-2993,2016,False,https://doi.org/10.1016/j.etp.2016.12.007,,True,True,False,17,25
664,34091413,10.1016/j.parkreldis.2021.05.029,1353-8020,2021,False,https://doi.org/10.1016/j.parkreldis.2021.05.029,,True,True,False,17,31
665,31413186,10.1136/oemed-2019-105724,1351-0711,2019,False,https://doi.org/10.1136/oemed-2019-105724,,True,True,False,16,41
666,26704434,10.1016/j.neulet.2015.12.028,0304-3940,2015,False,https://doi.org/10.1016/j.neulet.2015.12.028,,True,True,False,13,66
667,36470505,10.1016/j.neulet.2022.136997,0304-3940,2022,False,https://doi.org/10.1016/j.neulet.2022.136997,,True,True,False,11,96
668,35316522,10.1007/s12640-022-00490-x,1029-8428,2022,False,https://doi.org/10.1007/s12640-022-00490-x,,True,True,False,9,39
669,37842125,10.3389/fnagi.2023.1240971,1663-4365,2023,True,https://doi.org/10.3389/fnagi.2023.1240971,https://www.frontiersin.org/articles/10.3389/fnagi.2023.1240971/pdf?isPublishedV2=False,True,True,False,8,50
670,39058280,10.1021/acs.chemrestox.3c00389,0893-228X,2024,True,https://doi.org/10.1021/acs.chemrestox.3c00389,,True,True,False,7,71
671,36872782,10.3233/jad-221226,1387-2877,2023,False,https://doi.org/10.3233/jad-221226,,True,True,False,6,22
672,39265792,10.1016/j.freeradbiomed.2024.09.008,0891-5849,2024,False,https://doi.org/10.1016/j.freeradbiomed.2024.09.008,,True,True,False,5,57
673,21968025,10.1016/j.brainresbull.2011.09.017,0361-9230,2011,False,https://doi.org/10.1016/j.brainresbull.2011.09.017,,True,True,False,30,57
674,19416678,10.1016/j.expneurol.2009.01.010,0014-4886,2009,True,https://doi.org/10.1016/j.expneurol.2009.01.010,https://www.sciencedirect.com/science/article/pii/S0014488609000168,True,True,False,24,19
675,25447323,10.1016/j.neuro.2014.11.006,0161-813X,2014,False,https://doi.org/10.1016/j.neuro.2014.11.006,,True,True,False,22,45
676,23963992,10.1007/s11010-013-1780-x,0300-8177,2013,False,https://doi.org/10.1007/s11010-013-1780-x,,True,True,False,20,45
677,25552849,10.4103/0976-3147.143187,0976-3147,2014,True,https://doi.org/10.4103/0976-3147.143187,http://www.thieme-connect.de/products/ejournals/pdf/10.4103/0976-3147.143187.pdf,True,True,False,14,24
678,34598055,10.1016/j.jns.2021.120009,0022-510X,2021,False,https://doi.org/10.1016/j.jns.2021.120009,,True,True,False,9,31
679,27480264,10.1007/s12035-016-0016-y,0893-7648,2016,False,https://doi.org/10.1007/s12035-016-0016-y,,True,True,False,8,199
680,35647516,10.1016/j.prdoa.2022.100147,2590-1125,2022,True,https://doi.org/10.1016/j.prdoa.2022.100147,,True,True,False,5,27
681,39679462,10.2174/0113862073358649241128053921,1386-2073,2024,False,https://doi.org/10.2174/0113862073358649241128053921,,True,True,False,3,0
682,39997929,10.3390/toxics13020114,2305-6304,2025,True,https://doi.org/10.3390/toxics13020114,,True,True,False,3,97
683,37699078,10.1080/01616412.2023.2257452,0161-6412,2023,False,https://doi.org/10.1080/01616412.2023.2257452,,True,True,False,2,72
684,21783668,10.1016/j.etap.2005.09.003,1382-6689,2005,False,https://doi.org/10.1016/j.etap.2005.09.003,,True,True,False,20,58
685,10435495,10.1002/1531-8257(199907)14:4<590::aid-mds1007>3.0.co;2-2,0885-3185,1999,False,https://doi.org/10.1002/1531-8257(199907)14:4<590::aid-mds1007>3.0.co;2-2,,True,True,False,15,35
686,20817232,10.1016/j.neurol.2010.07.014,0035-3787,2010,False,https://doi.org/10.1016/j.neurol.2010.07.014,,True,True,False,12,13
687,40099721,10.1080/01616412.2025.2480331,0161-6412,2025,False,https://doi.org/10.1080/01616412.2025.2480331,,True,True,False,1,51
688,20353703,,,2010,False,https://pubmed.ncbi.nlm.nih.gov/20353703,,True,True,False,21,0
689,1754703,,,1991,False,https://pubmed.ncbi.nlm.nih.gov/1754703,,True,True,False,15,0
690,40816596,10.1016/j.neuroscience.2025.08.018,0306-4522,2025,False,https://doi.org/10.1016/j.neuroscience.2025.08.018,,True,True,False,0,50
691,41038426,10.1016/j.cbi.2025.111763,0009-2797,2025,False,https://doi.org/10.1016/j.cbi.2025.111763,,True,True,False,0,31
692,25646037,10.1007/s12291-014-0446-0,0974-0422,2014,True,https://doi.org/10.1007/s12291-014-0446-0,https://link.springer.com/content/pdf/10.1007/s12291-014-0446-0.pdf,True,True,False,2732,225
693,12504863,10.1006/exnr.2002.8072,0014-4886,2002,False,https://doi.org/10.1006/exnr.2002.8072,,True,True,False,703,71
694,18952194,10.1016/j.mrgentox.2008.09.013,1383-5718,2008,False,https://doi.org/10.1016/j.mrgentox.2008.09.013,,True,True,False,392,128
695,23205266,10.1038/srep00898,2045-2322,2012,True,https://doi.org/10.1038/srep00898,https://www.nature.com/articles/srep00898.pdf,True,True,False,385,47
696,19026668,10.1016/j.mrfmmm.2008.10.011,1386-1964,2008,False,https://doi.org/10.1016/j.mrfmmm.2008.10.011,,True,True,False,304,179
697,19076450,10.1196/annals.1427.030,0077-8923,2008,False,https://doi.org/10.1196/annals.1427.030,,True,True,False,241,80
698,11724917,10.1136/mp.54.6.414,,2001,False,https://pubmed.ncbi.nlm.nih.gov/11724917,,True,True,False,203,78
699,14579122,10.1007/s00415-003-1306-7,0340-5354,2003,False,https://doi.org/10.1007/s00415-003-1306-7,,True,True,False,196,40
700,15540952,10.1021/tx049867r,0893-228X,2004,False,https://doi.org/10.1021/tx049867r,,True,True,False,194,57
701,24981012,10.1016/j.nbd.2014.06.014,0969-9961,2014,False,https://doi.org/10.1016/j.nbd.2014.06.014,,True,True,False,184,58
702,14976342,10.1093/toxsci/kfh089,1096-0929,2004,False,https://doi.org/10.1093/toxsci/kfh089,,True,True,False,154,43
703,28978491,10.1016/j.redox.2017.09.017,2213-2317,2017,True,https://doi.org/10.1016/j.redox.2017.09.017,,True,True,False,103,60
704,23045187,10.1002/mds.25216,0885-3185,2012,False,https://doi.org/10.1002/mds.25216,,True,True,False,93,76
705,22727881,10.1016/j.tox.2012.06.007,0300-483X,2012,False,https://doi.org/10.1016/j.tox.2012.06.007,,True,True,False,66,97
706,32949572,10.1016/j.expneurol.2020.113466,0014-4886,2020,True,https://doi.org/10.1016/j.expneurol.2020.113466,,True,True,False,55,104
707,39029778,10.1016/j.ejphar.2024.176819,0014-2999,2024,False,https://doi.org/10.1016/j.ejphar.2024.176819,,True,True,False,48,347
708,35204105,10.3390/antiox11020222,2076-3921,2022,True,https://doi.org/10.3390/antiox11020222,https://www.mdpi.com/2076-3921/11/2/222/pdf?version=1643098255,True,True,False,37,87
709,38288970,10.1080/10408444.2024.2303481,1040-8444,2024,False,https://doi.org/10.1080/10408444.2024.2303481,,True,True,False,17,73
710,38879999,10.1016/j.parkreldis.2024.107026,1353-8020,2024,False,https://doi.org/10.1016/j.parkreldis.2024.107026,,True,True,False,16,245
711,15934940,10.1111/j.1471-4159.2005.03112.x,0022-3042,2005,False,https://doi.org/10.1111/j.1471-4159.2005.03112.x,,True,True,False,169,59
712,16190885,10.1111/j.1460-9568.2005.04301.x,0953-816X,2005,False,https://doi.org/10.1111/j.1460-9568.2005.04301.x,,True,True,False,142,47
713,12950443,10.1046/j.1471-4159.2003.01938.x,0022-3042,2003,False,https://doi.org/10.1046/j.1471-4159.2003.01938.x,,True,True,False,133,42
714,15527874,10.1016/j.neuro.2004.07.004,0161-813X,2004,False,https://doi.org/10.1016/j.neuro.2004.07.004,,True,True,False,102,80
715,10511322,10.1080/07315724.1999.10718878,0731-5724,1999,False,https://doi.org/10.1080/07315724.1999.10718878,,True,True,False,99,101
716,17123556,10.1016/j.neuropharm.2006.10.001,0028-3908,2006,False,https://doi.org/10.1016/j.neuropharm.2006.10.001,,True,True,False,97,30
717,28082168,10.1016/j.smrv.2016.11.002,1087-0792,2016,False,https://doi.org/10.1016/j.smrv.2016.11.002,,True,True,False,73,103
718,28506248,10.1186/s13643-017-0491-x,2046-4053,2017,True,https://doi.org/10.1186/s13643-017-0491-x,,True,True,False,67,50
719,22342404,10.1016/j.neuro.2012.01.011,0161-813X,2012,False,https://doi.org/10.1016/j.neuro.2012.01.011,,True,True,False,61,69
720,24835632,10.1016/j.bmcl.2014.04.072,0960-894X,2014,False,https://doi.org/10.1016/j.bmcl.2014.04.072,,True,True,False,59,28
721,15635186,10.1248/bpb.28.169,0918-6158,2005,True,https://doi.org/10.1248/bpb.28.169,https://www.jstage.jst.go.jp/article/bpb/28/1/28_1_169/_pdf,True,True,False,58,10
722,30141137,10.1007/s11064-018-2617-5,0364-3190,2018,False,https://doi.org/10.1007/s11064-018-2617-5,,True,True,False,55,92
723,22408597,10.3390/ijerph8124702,1660-4601,2011,True,https://doi.org/10.3390/ijerph8124702,https://www.mdpi.com/1660-4601/8/12/4702/pdf?version=1403139522,True,True,False,45,52
724,28289797,10.1007/s00115-017-0288-0,0028-2804,2017,False,https://doi.org/10.1007/s00115-017-0288-0,,True,True,False,45,53
725,29730746,10.1007/s10654-018-0399-3,0393-2990,2018,False,https://doi.org/10.1007/s10654-018-0399-3,,True,True,False,43,36
726,31600256,10.1371/journal.pone.0223238,1932-6203,2019,True,https://doi.org/10.1371/journal.pone.0223238,https://journals.plos.org/plosone/article/file?id=10.1371/journal.pone.0223238&type=printable,True,True,False,43,41
727,32422283,10.1016/j.nbd.2020.104947,0969-9961,2020,True,https://doi.org/10.1016/j.nbd.2020.104947,,True,True,False,43,120
728,29039078,10.1007/s11011-017-0131-0,0885-7490,2017,False,https://doi.org/10.1007/s11011-017-0131-0,,True,True,False,41,57
729,27058967,10.1016/j.neuro.2016.04.003,0161-813X,2016,False,https://doi.org/10.1016/j.neuro.2016.04.003,,True,True,False,37,115
730,26409479,10.1007/s12035-015-9414-9,0893-7648,2015,False,https://doi.org/10.1007/s12035-015-9414-9,,True,True,False,36,185
731,28819888,10.1007/s11064-017-2373-y,0364-3190,2017,False,https://doi.org/10.1007/s11064-017-2373-y,,True,True,False,33,56
732,28844784,10.1016/j.neuro.2017.08.007,0161-813X,2017,False,https://doi.org/10.1016/j.neuro.2017.08.007,,True,True,False,31,58
733,32679516,10.1016/j.ijheh.2020.113569,1438-4639,2020,False,https://doi.org/10.1016/j.ijheh.2020.113569,,True,True,False,31,109
734,33279619,10.1016/j.freeradbiomed.2020.11.028,0891-5849,2020,False,https://doi.org/10.1016/j.freeradbiomed.2020.11.028,,True,True,False,29,59
735,35366447,10.1016/j.jhazmat.2022.128720,0304-3894,2022,False,https://doi.org/10.1016/j.jhazmat.2022.128720,,True,True,False,29,176
736,33372994,10.1093/toxsci/kfaa183,1096-0929,2020,True,https://doi.org/10.1093/toxsci/kfaa183,https://academic.oup.com/toxsci/article-pdf/180/1/175/36405530/kfaa183.pdf,True,True,False,28,78
737,35914559,10.1016/j.taap.2022.116176,0041-008X,2022,False,https://doi.org/10.1016/j.taap.2022.116176,,True,True,False,27,78
738,32423817,10.1016/j.bbrc.2020.04.068,0006-291X,2020,False,https://doi.org/10.1016/j.bbrc.2020.04.068,,True,True,False,23,55
739,34796708,10.1515/reveh-2021-0111,0048-7554,2021,False,https://doi.org/10.1515/reveh-2021-0111,,True,True,False,19,60
740,35199308,10.1007/s12031-022-01968-1,0895-8696,2022,True,https://doi.org/10.1007/s12031-022-01968-1,https://link.springer.com/content/pdf/10.1007/s12031-022-01968-1.pdf,True,True,False,19,56
741,37858688,10.1016/j.envres.2023.117434,0013-9351,2023,True,https://doi.org/10.1016/j.envres.2023.117434,,True,True,False,19,52
742,36258029,10.1038/s41531-022-00400-0,2373-8057,2022,True,https://doi.org/10.1038/s41531-022-00400-0,https://www.nature.com/articles/s41531-022-00400-0.pdf,True,True,False,18,134
743,36785586,,,2022,False,https://pubmed.ncbi.nlm.nih.gov/36785586,,True,True,False,14,38
744,38367681,10.1016/j.cbi.2024.110911,0009-2797,2024,False,https://doi.org/10.1016/j.cbi.2024.110911,,True,True,False,10,145
745,9749572,10.1002/ana.410440707,0364-5134,1998,True,https://doi.org/10.1002/ana.410440707,https://onlinelibrary.wiley.com/doi/pdfdirect/10.1002/ana.410440707,True,True,False,165,0
746,1953412,10.1001/archneur.1991.00530210029018,0003-9942,1991,False,https://doi.org/10.1001/archneur.1991.00530210029018,,True,True,False,139,42
747,16284906,10.1007/s00702-005-0380-7,0300-9564,2005,False,https://doi.org/10.1007/s00702-005-0380-7,,True,True,False,60,43
748,21798302,10.1016/j.yrtph.2011.07.006,0273-2300,2011,False,https://doi.org/10.1016/j.yrtph.2011.07.006,,True,True,False,53,33
749,12946053,10.1007/978-3-7091-0643-3_8,0303-6995,2003,False,https://doi.org/10.1007/978-3-7091-0643-3_8,,True,True,False,51,83
750,23645222,10.1007/s11064-013-1055-7,0364-3190,2013,False,https://doi.org/10.1007/s11064-013-1055-7,,True,True,False,42,22
751,14555407,10.1177/109158180302200504,1091-5818,2003,False,https://doi.org/10.1177/109158180302200504,,True,True,False,35,86
752,30118749,10.1016/j.brainresbull.2018.08.007,0361-9230,2018,False,https://doi.org/10.1016/j.brainresbull.2018.08.007,,True,True,False,31,53
753,23244418,10.2174/1871527311211080008,1871-5273,2013,False,https://doi.org/10.2174/1871527311211080008,,True,True,False,30,0
754,20669310,10.1002/mds.23178,0885-3185,2010,False,https://doi.org/10.1002/mds.23178,,True,True,False,28,38
755,29989058,10.1016/j.jtcme.2017.11.001,2225-4110,2018,True,https://doi.org/10.1016/j.jtcme.2017.11.001,,True,True,False,24,41
756,31367921,10.1007/s12640-019-00092-0,1029-8428,2019,False,https://doi.org/10.1007/s12640-019-00092-0,,True,True,False,22,54
757,31440456,10.1016/j.toxrep.2019.07.012,2214-7500,2019,True,https://doi.org/10.1016/j.toxrep.2019.07.012,,True,True,False,20,65
758,32971086,10.1016/j.ejphar.2020.173586,0014-2999,2020,True,https://doi.org/10.1016/j.ejphar.2020.173586,,True,True,False,20,41
759,30119171,10.1016/j.biopha.2018.06.162,0753-3322,2018,False,https://doi.org/10.1016/j.biopha.2018.06.162,,True,True,False,18,158
760,34779196,10.1021/acs.jafc.1c04190,0021-8561,2021,False,https://doi.org/10.1021/acs.jafc.1c04190,,True,True,False,17,34
761,29653138,10.1016/j.neuro.2018.04.006,0161-813X,2018,False,https://doi.org/10.1016/j.neuro.2018.04.006,,True,True,False,15,85
762,33383859,10.3390/ijms22010259,1422-0067,2020,True,https://doi.org/10.3390/ijms22010259,https://www.mdpi.com/1422-0067/22/1/259/pdf?version=1609248808,True,True,False,14,65
763,34848256,10.1016/j.fct.2021.112706,0278-6915,2021,False,https://doi.org/10.1016/j.fct.2021.112706,,True,True,False,13,48
764,36740802,10.2174/0929867330666230203111437,0929-8673,2023,False,https://doi.org/10.2174/0929867330666230203111437,,True,True,False,11,27
765,32449271,10.1002/iub.2304,1521-6543,2020,False,https://doi.org/10.1002/iub.2304,,True,True,False,8,78
766,39119966,10.1080/15376516.2024.2390646,1537-6516,2024,False,https://doi.org/10.1080/15376516.2024.2390646,,True,True,False,5,71
767,11487219,10.1007/s100720170064,1590-1874,2001,False,https://doi.org/10.1007/s100720170064,,True,True,False,55,9
768,8470386,,,1993,False,https://pubmed.ncbi.nlm.nih.gov/8470386,,True,True,False,37,88
769,17560718,10.1016/j.neulet.2007.05.030,0304-3940,2007,False,https://doi.org/10.1016/j.neulet.2007.05.030,,True,True,False,32,34
770,27513201,10.1097/wnr.0000000000000667,0959-4965,2016,False,https://doi.org/10.1097/wnr.0000000000000667,,True,True,False,18,27
771,28283350,10.1016/j.taap.2017.03.005,0041-008X,2017,False,https://doi.org/10.1016/j.taap.2017.03.005,,True,True,False,16,44
772,29466244,10.1515/revneuro-2017-0097,0334-1763,2018,False,https://doi.org/10.1515/revneuro-2017-0097,,True,True,False,10,194
773,35572141,10.3389/fnagi.2022.888942,1663-4365,2022,True,https://doi.org/10.3389/fnagi.2022.888942,,True,True,False,9,50
774,32226375,10.3389/fnagi.2020.00012,1663-4365,2020,True,https://doi.org/10.3389/fnagi.2020.00012,https://www.frontiersin.org/articles/10.3389/fnagi.2020.00012/pdf,True,True,False,8,161
775,16439859,10.1159/000091178,0251-5350,2006,False,https://doi.org/10.1159/000091178,,True,True,False,7,29
776,38243981,10.2174/0109298673257171231115114543,0929-8673,2024,False,https://doi.org/10.2174/0109298673257171231115114543,,True,True,False,3,0
777,20655879,10.1016/j.bbrc.2010.07.014,0006-291X,2010,False,https://doi.org/10.1016/j.bbrc.2010.07.014,,True,True,False,10,44
778,37639074,10.1007/s00115-023-01538-9,0028-2804,2023,True,https://doi.org/10.1007/s00115-023-01538-9,,True,True,False,1,66
779,39851552,10.3390/cells14020124,2073-4409,2025,True,https://doi.org/10.3390/cells14020124,https://www.mdpi.com/2073-4409/14/2/124/pdf?version=1737028958,True,True,False,1,91
780,39941014,10.3390/ijms26031248,1422-0067,2025,True,https://doi.org/10.3390/ijms26031248,,True,True,False,1,216
781,40260143,10.3389/fneur.2025.1550789,1664-2295,2025,True,https://doi.org/10.3389/fneur.2025.1550789,,True,True,False,1,28
782,40278606,10.3390/toxics13040290,2305-6304,2025,True,https://doi.org/10.3390/toxics13040290,https://www.mdpi.com/2305-6304/13/4/290/pdf?version=1744248880,True,True,False,1,57
783,40597361,10.1186/s40035-025-00489-2,2047-9158,2025,True,https://doi.org/10.1186/s40035-025-00489-2,https://translationalneurodegeneration.biomedcentral.com/counter/pdf/10.1186/s40035-025-00489-2,True,True,False,1,70
784,40741694,10.1002/mds.30310,0885-3185,2025,True,https://doi.org/10.1002/mds.30310,https://onlinelibrary.wiley.com/doi/pdfdirect/10.1002/mds.30310,True,True,False,1,45
785,39677613,10.1101/2024.11.27.625701,,2024,True,https://doi.org/10.1101/2024.11.27.625701,https://www.biorxiv.org/content/biorxiv/early/2024/12/03/2024.11.27.625701.full.pdf,True,False,False,0,53
786,40224523,10.1155/bn/6606560,0953-4180,2025,True,https://doi.org/10.1155/bn/6606560,,True,True,False,0,50
787,40928730,10.1007/s11064-025-04543-3,0364-3190,2025,False,https://doi.org/10.1007/s11064-025-04543-3,,True,True,False,0,42
788,41089536,10.1002/hsr2.71326,2398-8835,2025,True,https://doi.org/10.1002/hsr2.71326,https://onlinelibrary.wiley.com/doi/pdfdirect/10.1002/hsr2.71326,True,True,False,0,46
789,11707429,10.1074/jbc.c100560200,0021-9258,2002,True,https://doi.org/10.1074/jbc.c100560200,http://www.jbc.org/article/S0021925820877734/pdf,True,True,False,670,38
790,30214392,10.3389/fnins.2018.00612,1662-453X,2018,True,https://doi.org/10.3389/fnins.2018.00612,https://www.frontiersin.org/articles/10.3389/fnins.2018.00612/pdf,True,True,False,549,165
791,12867501,10.1523/jneurosci.23-15-06181.2003,0270-6474,2003,True,https://doi.org/10.1523/jneurosci.23-15-06181.2003,http://www.jneurosci.org/content/jneuro/23/15/6181.full.pdf,True,True,False,334,51
792,17678964,10.1016/s0074-7742(07)82012-5,0074-7742,2007,False,https://doi.org/10.1016/s0074-7742(07)82012-5,,True,True,False,257,46
793,15940722,10.1002/ajim.20178,0271-3586,2005,False,https://doi.org/10.1002/ajim.20178,,True,True,False,255,93
794,20865164,10.1371/journal.pgen.1001084,1553-7390,2010,True,https://doi.org/10.1371/journal.pgen.1001084,https://journals.plos.org/plosgenetics/article/file?id=10.1371/journal.pgen.1001084&type=printable,True,True,False,194,180
795,30363342,10.1002/mdc3.12568,2330-1619,2017,True,https://doi.org/10.1002/mdc3.12568,https://onlinelibrary.wiley.com/doi/pdfdirect/10.1002/mdc3.12568,True,True,False,183,113
796,24205431,10.1155/2013/102741,1942-0900,2013,True,https://doi.org/10.1155/2013/102741,https://downloads.hindawi.com/journals/omcl/2013/102741.pdf,True,True,False,177,54
797,17341480,10.1093/toxsci/kfm040,1096-0929,2007,True,https://doi.org/10.1093/toxsci/kfm040,https://academic.oup.com/toxsci/article-pdf/97/2/448/4644406/kfm040.pdf,True,True,False,133,55
798,25304210,10.1093/toxsci/kfu211,1096-0929,2014,True,https://doi.org/10.1093/toxsci/kfu211,https://academic.oup.com/toxsci/article-pdf/143/1/81/10914593/kfu211.pdf,True,True,False,100,61
799,19767442,10.1093/toxsci/kfp223,1096-0929,2009,True,https://doi.org/10.1093/toxsci/kfp223,https://academic.oup.com/toxsci/article-pdf/112/2/427/10988293/kfp223.pdf,True,True,False,90,47
800,34391968,10.1016/j.prp.2021.153576,0344-0338,2021,False,https://doi.org/10.1016/j.prp.2021.153576,,True,True,False,81,51
801,28962525,10.1093/toxsci/kfx145,1096-0929,2017,True,https://doi.org/10.1093/toxsci/kfx145,https://academic.oup.com/toxsci/article-pdf/159/2/366/24195110/kfx145.pdf,True,True,False,60,96
802,32585290,10.1016/j.neuro.2020.06.009,0161-813X,2020,False,https://doi.org/10.1016/j.neuro.2020.06.009,,True,True,False,57,56
803,33049992,10.3390/biom10101421,2218-273X,2020,True,https://doi.org/10.3390/biom10101421,https://www.mdpi.com/2218-273X/10/10/1421/pdf?version=1602665050,True,True,False,56,70
804,38685425,10.1016/j.scitotenv.2024.172838,0048-9697,2024,False,https://doi.org/10.1016/j.scitotenv.2024.172838,,True,True,False,24,30
805,37854466,10.3389/fphys.2023.1276941,1664-042X,2023,True,https://doi.org/10.3389/fphys.2023.1276941,https://www.frontiersin.org/articles/10.3389/fphys.2023.1276941/pdf?isPublishedV2=False,True,True,False,22,284
806,11728820,10.1016/s0891-5849(01)00726-2,0891-5849,2001,False,https://doi.org/10.1016/s0891-5849(01)00726-2,,True,True,False,185,80
807,12428728,10.1016/s0161-813x(02)00066-9,0161-813X,2002,False,https://doi.org/10.1016/s0161-813x(02)00066-9,,True,True,False,158,65
808,25433145,10.1016/j.toxlet.2014.11.029,0378-4274,2014,False,https://doi.org/10.1016/j.toxlet.2014.11.029,,True,True,False,102,44
809,15966733,10.1021/bi048778a,0006-2960,2005,False,https://doi.org/10.1021/bi048778a,,True,True,False,102,81
810,22710069,10.1016/j.neuroscience.2012.06.021,0306-4522,2012,False,https://doi.org/10.1016/j.neuroscience.2012.06.021,,True,True,False,88,44
811,17900545,10.1016/j.brainres.2007.07.083,0006-8993,2007,False,https://doi.org/10.1016/j.brainres.2007.07.083,,True,True,False,83,40
812,17502288,10.1016/j.crvi.2007.02.018,1631-0691,2007,False,https://doi.org/10.1016/j.crvi.2007.02.018,,True,True,False,82,80
813,9923766,10.1001/archneur.56.1.90,0003-9942,1999,False,https://doi.org/10.1001/archneur.56.1.90,,True,True,False,82,35
814,19137554,10.1002/pmic.200800452,1615-9853,2009,False,https://doi.org/10.1002/pmic.200800452,,True,True,False,81,70
815,21864557,10.1016/j.taap.2011.08.009,0041-008X,2011,False,https://doi.org/10.1016/j.taap.2011.08.009,,True,True,False,79,70
816,17493592,10.1016/j.brainres.2007.04.018,0006-8993,2007,False,https://doi.org/10.1016/j.brainres.2007.04.018,,True,True,False,78,62
817,20417232,10.1016/j.neuro.2010.04.006,0161-813X,2010,False,https://doi.org/10.1016/j.neuro.2010.04.006,,True,True,False,76,24
818,11781409,10.1212/wnl.58.1.79,0028-3878,2002,False,https://doi.org/10.1212/wnl.58.1.79,,True,True,False,73,48
819,17726156,10.1124/jpet.107.127597,0022-3565,2007,False,https://doi.org/10.1124/jpet.107.127597,,True,True,False,68,36
820,27311820,10.1007/s00204-016-1757-0,0340-5761,2016,False,https://doi.org/10.1007/s00204-016-1757-0,,True,True,False,68,129
821,18579341,10.1016/j.tiv.2008.04.019,0887-2333,2008,False,https://doi.org/10.1016/j.tiv.2008.04.019,,True,True,False,67,31
822,20003314,10.1186/1750-1326-4-49,1750-1326,2009,True,https://doi.org/10.1186/1750-1326-4-49,https://molecularneurodegeneration.biomedcentral.com/counter/pdf/10.1186/1750-1326-4-49,True,True,False,67,36
823,29482730,10.1016/j.pestbp.2018.01.002,0048-3575,2018,False,https://doi.org/10.1016/j.pestbp.2018.01.002,,True,True,False,67,54
824,21402726,10.1093/toxsci/kfr058,1096-0929,2011,True,https://doi.org/10.1093/toxsci/kfr058,https://academic.oup.com/toxsci/article-pdf/121/2/368/10998176/kfr058.pdf,True,True,False,64,36
825,26896854,10.1016/j.envint.2016.01.020,0160-4120,2016,False,https://doi.org/10.1016/j.envint.2016.01.020,,True,True,False,63,34
826,18577399,10.1016/j.neuro.2008.05.007,0161-813X,2008,False,https://doi.org/10.1016/j.neuro.2008.05.007,,True,True,False,61,59
827,18685029,10.1523/jneurosci.1947-08.2008,0270-6474,2008,True,https://doi.org/10.1523/jneurosci.1947-08.2008,https://www.jneurosci.org/content/jneuro/28/32/8040.full.pdf,True,True,False,59,55
828,19782123,10.1016/j.neuroscience.2009.09.025,0306-4522,2009,False,https://doi.org/10.1016/j.neuroscience.2009.09.025,,True,True,False,58,149
829,25575680,10.1007/s12035-014-9057-2,0893-7648,2015,False,https://doi.org/10.1007/s12035-014-9057-2,,True,True,False,57,46
830,27293182,10.1016/j.neuro.2016.06.006,0161-813X,2016,False,https://doi.org/10.1016/j.neuro.2016.06.006,,True,True,False,56,111
831,22094459,10.1093/toxsci/kfr313,1096-0929,2011,True,https://doi.org/10.1093/toxsci/kfr313,https://academic.oup.com/toxsci/article-pdf/125/2/496/11000673/kfr313.pdf,True,True,False,55,51
832,27413109,10.1093/toxsci/kfw117,1096-0929,2016,True,https://doi.org/10.1093/toxsci/kfw117,https://academic.oup.com/toxsci/article-pdf/153/2/271/11005057/kfw117.pdf,True,True,False,55,36
833,29267136,10.1080/19440049.2017.1419286,1944-0049,2017,False,https://doi.org/10.1080/19440049.2017.1419286,,True,True,False,55,24
834,20929985,10.1093/toxsci/kfq313,1096-0929,2010,False,https://doi.org/10.1093/toxsci/kfq313,,True,True,False,52,47
835,19748499,10.1016/j.brainres.2009.09.015,0006-8993,2009,False,https://doi.org/10.1016/j.brainres.2009.09.015,,True,True,False,49,46
836,19594327,10.1089/rej.2009.0850,1549-1684,2009,False,https://doi.org/10.1089/rej.2009.0850,,True,True,False,48,72
837,23469842,10.2174/1871527311312050013,1871-5273,2013,False,https://doi.org/10.2174/1871527311312050013,,True,True,False,47,0
838,21798348,10.1016/j.nbd.2011.07.011,0969-9961,2011,False,https://doi.org/10.1016/j.nbd.2011.07.011,,True,True,False,45,78
839,25496994,10.1016/j.tox.2014.12.005,0300-483X,2014,False,https://doi.org/10.1016/j.tox.2014.12.005,,True,True,False,42,48
840,26926078,10.1016/j.lfs.2016.02.072,0024-3205,2016,False,https://doi.org/10.1016/j.lfs.2016.02.072,,True,True,False,38,42
841,28247273,10.1007/s11356-017-8584-6,0944-1344,2017,False,https://doi.org/10.1007/s11356-017-8584-6,,True,True,False,38,43
842,24231740,10.1016/j.neuroscience.2013.11.004,0306-4522,2013,False,https://doi.org/10.1016/j.neuroscience.2013.11.004,,True,True,False,36,53
843,16580056,10.1016/j.pbb.2006.02.013,0091-3057,2006,False,https://doi.org/10.1016/j.pbb.2006.02.013,,True,True,False,36,86
844,33176317,10.1159/000511207,1660-2854,2020,False,https://doi.org/10.1159/000511207,,True,True,False,34,63
845,23710172,10.1155/2013/347312,1687-8191,2013,True,https://doi.org/10.1155/2013/347312,https://downloads.hindawi.com/journals/jt/2013/347312.pdf,True,True,False,33,54
846,26859572,10.18632/oncotarget.7183,1949-2553,2016,True,https://doi.org/10.18632/oncotarget.7183,http://www.oncotarget.com/index.php?journal=oncotarget&page=article&op=download&path%5B%5D=7183&path%5B%5D=20465,True,True,False,31,61
847,36982297,10.3390/ijms24065222,1422-0067,2023,True,https://doi.org/10.3390/ijms24065222,https://www.mdpi.com/1422-0067/24/6/5222/pdf?version=1678341085,True,True,False,31,69
848,30172926,10.1016/j.envint.2018.08.044,0160-4120,2018,True,https://doi.org/10.1016/j.envint.2018.08.044,,True,True,False,28,49
849,33450723,10.1016/j.neurobiolaging.2020.11.013,0197-4580,2020,False,https://doi.org/10.1016/j.neurobiolaging.2020.11.013,,True,True,False,25,69
850,33393683,10.1002/jbt.22694,1095-6670,2021,False,https://doi.org/10.1002/jbt.22694,,True,True,False,22,315
851,35822592,10.1002/jbt.23165,1095-6670,2022,False,https://doi.org/10.1002/jbt.23165,,True,True,False,20,43
852,32632573,10.1007/s00221-020-05868-x,0014-4819,2020,False,https://doi.org/10.1007/s00221-020-05868-x,,True,True,False,16,41
853,37952273,10.1016/j.aquatox.2023.106756,0166-445X,2023,False,https://doi.org/10.1016/j.aquatox.2023.106756,,True,True,False,10,79
854,12200192,10.1016/s0892-0362(02)00222-2,0892-0362,2002,False,https://doi.org/10.1016/s0892-0362(02)00222-2,,True,True,False,131,205
855,17126879,10.1016/j.chemosphere.2006.10.033,0045-6535,2006,False,https://doi.org/10.1016/j.chemosphere.2006.10.033,,True,True,False,53,19
856,16624952,10.1523/jneurosci.0118-06.2006,0270-6474,2006,True,https://doi.org/10.1523/jneurosci.0118-06.2006,https://www.jneurosci.org/content/jneuro/26/16/4318.full.pdf,True,True,False,46,41
857,12106697,10.1016/s0169-328x(02)00192-4,0169-328X,2002,False,https://doi.org/10.1016/s0169-328x(02)00192-4,,True,True,False,44,67
858,19428506,10.1016/j.neuro.2009.01.002,0161-813X,2009,False,https://doi.org/10.1016/j.neuro.2009.01.002,,True,True,False,26,40
859,29486301,10.1016/j.nbd.2018.02.010,0969-9961,2018,True,https://doi.org/10.1016/j.nbd.2018.02.010,https://ars.els-cdn.com/content/image/1-s2.0-S0969996118300421-fx1_lrg.jpg,True,True,False,26,67
860,23567316,10.1016/j.tox.2013.03.014,0300-483X,2013,False,https://doi.org/10.1016/j.tox.2013.03.014,,True,True,False,20,53
861,33378168,10.1021/acs.chemrestox.0c00380,0893-228X,2020,False,https://doi.org/10.1021/acs.chemrestox.0c00380,,True,True,False,19,63
862,27313094,10.1016/j.toxlet.2016.06.011,0378-4274,2016,False,https://doi.org/10.1016/j.toxlet.2016.06.011,,True,True,False,17,54
863,34769043,10.3390/ijms222111613,1422-0067,2021,True,https://doi.org/10.3390/ijms222111613,https://www.mdpi.com/1422-0067/22/21/11613/pdf?version=1635394183,True,True,False,17,78
864,32606391,10.1038/s41598-020-67649-4,2045-2322,2020,True,https://doi.org/10.1038/s41598-020-67649-4,https://www.nature.com/articles/s41598-020-67649-4.pdf,True,True,False,16,68
865,34312984,10.1002/jbm.b.34922,1552-4973,2021,False,https://doi.org/10.1002/jbm.b.34922,,True,True,False,15,57
866,21419806,10.1016/j.bbr.2011.03.018,0166-4328,2011,False,https://doi.org/10.1016/j.bbr.2011.03.018,,True,True,False,14,65
867,34623211,10.1080/00207454.2021.1990916,0020-7454,2021,False,https://doi.org/10.1080/00207454.2021.1990916,,True,True,False,14,58
868,28727213,10.1111/ene.13353,1351-5101,2017,False,https://doi.org/10.1111/ene.13353,,True,True,False,13,16
869,37716554,10.1016/j.chemosphere.2023.140177,0045-6535,2023,False,https://doi.org/10.1016/j.chemosphere.2023.140177,,True,True,False,7,80
870,33739421,10.1093/toxsci/kfab020,1096-0929,2021,True,https://doi.org/10.1093/toxsci/kfab020,https://academic.oup.com/toxsci/article-pdf/181/1/47/37464453/kfab020.pdf,True,True,False,6,70
871,9452319,10.1002/mds.870130106,0885-3185,1998,False,https://doi.org/10.1002/mds.870130106,,True,True,False,44,30
872,27771933,10.1007/978-3-319-41342-6_16,0065-2598,2016,False,https://doi.org/10.1007/978-3-319-41342-6_16,,True,True,False,12,51
873,30879219,10.1007/s10072-019-03825-3,1590-1874,2019,False,https://doi.org/10.1007/s10072-019-03825-3,,True,True,False,12,50
874,31420910,10.1002/jnr.24513,0360-4012,2019,False,https://doi.org/10.1002/jnr.24513,,True,True,False,12,98
875,39834518,10.1016/j.crtox.2024.100212,2666-027X,2024,True,https://doi.org/10.1016/j.crtox.2024.100212,,True,True,False,3,73
876,40550315,10.1016/j.slasd.2025.100244,2472-5552,2025,True,https://doi.org/10.1016/j.slasd.2025.100244,https://www.slas-discovery.org/action/showPdf?pii=S2472555225000371,True,True,False,2,40
877,22717662,10.1016/j.etap.2012.05.005,1382-6689,2012,False,https://doi.org/10.1016/j.etap.2012.05.005,,True,True,False,9,28
878,18615648,10.1002/jnr.21772,0360-4012,2008,False,https://doi.org/10.1002/jnr.21772,,True,True,False,8,39
879,39000265,10.3390/ijms25137159,1422-0067,2024,True,https://doi.org/10.3390/ijms25137159,,True,True,False,1,79
880,15992171,10.1517/14728222.5.1.125,1460-0412,2001,False,https://doi.org/10.1517/14728222.5.1.125,,True,True,False,7,60
881,32215816,10.1007/s12640-020-00190-4,1029-8428,2020,False,https://doi.org/10.1007/s12640-020-00190-4,,True,True,False,1,80
882,37803858,10.3760/cma.j.cn112140-20230328-00214,,2023,False,https://pubmed.ncbi.nlm.nih.gov/37803858,,True,True,False,1,0
883,39633223,10.1007/s10930-024-10241-w,1572-3887,2024,True,https://doi.org/10.1007/s10930-024-10241-w,,True,True,False,0,32
884,39930637,10.1111/ejn.16669,0953-816X,2025,False,https://doi.org/10.1111/ejn.16669,,True,True,False,0,93
885,40875984,10.1177/10915818251369414,1091-5818,2025,False,https://doi.org/10.1177/10915818251369414,,True,True,False,0,210
886,21486284,10.1111/j.1476-5381.2011.01426.x,0007-1188,2011,False,https://doi.org/10.1111/j.1476-5381.2011.01426.x,,True,True,False,724,463
887,37688657,10.1007/s11357-023-00913-3,2509-2715,2023,True,https://doi.org/10.1007/s11357-023-00913-3,https://link.springer.com/content/pdf/10.1007/s11357-023-00913-3.pdf,True,True,False,81,387
888,10852840,10.1289/ehp.00108s3429,0091-6765,2000,True,https://doi.org/10.1289/ehp.00108s3429,https://ehp.niehs.nih.gov/doi/epdf/10.1289/ehp.00108s3429,True,True,False,194,58
889,16263688,10.1080/15287390500226987,0098-4108,2005,False,https://doi.org/10.1080/15287390500226987,,True,True,False,107,101
890,30248838,10.1016/j.scitotenv.2018.07.143,0048-9697,2018,False,https://doi.org/10.1016/j.scitotenv.2018.07.143,,True,True,False,80,36
891,18687346,10.1016/j.neuropharm.2008.07.017,0028-3908,2008,False,https://doi.org/10.1016/j.neuropharm.2008.07.017,,True,True,False,77,44
892,17218051,10.1016/j.tox.2006.12.007,0300-483X,2006,False,https://doi.org/10.1016/j.tox.2006.12.007,,True,True,False,69,60
893,18365879,10.1080/08977190801984205,0897-7194,2008,False,https://doi.org/10.1080/08977190801984205,,True,True,False,54,67
894,25474638,10.1371/journal.pgen.1004767,1553-7390,2014,True,https://doi.org/10.1371/journal.pgen.1004767,https://journals.plos.org/plosgenetics/article/file?id=10.1371/journal.pgen.1004767&type=printable,True,True,False,52,74
895,29713567,10.7717/peerj.4696,2167-8359,2018,True,https://doi.org/10.7717/peerj.4696,,True,True,False,48,66
896,21972102,10.1093/toxsci/kfr255,1096-0929,2011,True,https://doi.org/10.1093/toxsci/kfr255,https://academic.oup.com/toxsci/article-pdf/125/1/219/10999402/kfr255.pdf,True,True,False,41,82
897,23446007,10.1159/000346156,0378-5866,2013,True,https://doi.org/10.1159/000346156,https://pmc.ncbi.nlm.nih.gov/articles/PMC3777222/,True,True,False,39,57
898,29627306,10.1016/j.toxlet.2018.04.002,0378-4274,2018,False,https://doi.org/10.1016/j.toxlet.2018.04.002,,True,True,False,33,55
899,29767788,10.1093/toxsci/kfy116,1096-0929,2018,True,https://doi.org/10.1093/toxsci/kfy116,https://academic.oup.com/toxsci/article-pdf/165/1/61/26077223/kfy116.pdf,True,True,False,31,49
900,23499956,10.1016/j.neulet.2013.02.047,0304-3940,2013,False,https://doi.org/10.1016/j.neulet.2013.02.047,,True,True,False,27,14
901,35870612,10.1016/j.chemosphere.2022.135743,0045-6535,2022,False,https://doi.org/10.1016/j.chemosphere.2022.135743,,True,True,False,22,59
902,37373023,10.3390/ijms24129876,1422-0067,2023,True,https://doi.org/10.3390/ijms24129876,https://www.mdpi.com/1422-0067/24/12/9876/pdf?version=1686225707,True,True,False,19,64
903,34044035,10.1016/j.neuro.2021.05.011,0161-813X,2021,False,https://doi.org/10.1016/j.neuro.2021.05.011,,True,True,False,13,33
904,23500093,10.1016/j.neuroscience.2013.03.002,0306-4522,2013,False,https://doi.org/10.1016/j.neuroscience.2013.03.002,,True,True,False,28,66
905,29069985,10.1177/0748233717733852,0748-2337,2017,False,https://doi.org/10.1177/0748233717733852,,True,True,False,14,51
906,35111696,10.3389/fcimb.2021.800432,2235-2988,2022,True,https://doi.org/10.3389/fcimb.2021.800432,https://www.frontiersin.org/articles/10.3389/fcimb.2021.800432/pdf,True,True,False,13,75
907,35511227,10.1289/ehp9505,0091-6765,2022,True,https://doi.org/10.1289/ehp9505,,True,True,False,8,75
908,36698474,10.3389/fnut.2022.957688,2296-861X,2023,True,https://doi.org/10.3389/fnut.2022.957688,https://www.frontiersin.org/articles/10.3389/fnut.2022.957688/pdf,True,True,False,7,194
909,18977431,10.1016/j.ntt.2008.10.002,0892-0362,2008,False,https://doi.org/10.1016/j.ntt.2008.10.002,,True,True,False,22,49
910,26321151,10.1016/j.neulet.2015.08.044,0304-3940,2015,False,https://doi.org/10.1016/j.neulet.2015.08.044,,True,True,False,20,22
911,34589856,10.1016/j.bbih.2020.100079,2666-3546,2020,True,https://doi.org/10.1016/j.bbih.2020.100079,,True,True,False,15,54
912,29605442,10.1016/j.neuro.2018.03.011,0161-813X,2018,False,https://doi.org/10.1016/j.neuro.2018.03.011,,True,True,False,14,59
913,34762280,10.1007/s43440-021-00340-1,1734-1140,2021,True,https://doi.org/10.1007/s43440-021-00340-1,https://link.springer.com/content/pdf/10.1007/s43440-021-00340-1.pdf,True,True,False,8,69
914,30686998,10.3389/fnmol.2018.00479,1662-5099,2019,True,https://doi.org/10.3389/fnmol.2018.00479,https://www.frontiersin.org/articles/10.3389/fnmol.2018.00479/pdf,True,True,False,7,52
915,37979659,10.1016/j.neuro.2023.11.007,0161-813X,2023,False,https://doi.org/10.1016/j.neuro.2023.11.007,,True,True,False,4,58
916,40273372,10.1111/nmo.70046,1350-1925,2025,True,https://doi.org/10.1111/nmo.70046,https://onlinelibrary.wiley.com/doi/pdfdirect/10.1111/nmo.70046,True,True,False,1,53
917,41009734,10.3390/ijms26189173,1422-0067,2025,True,https://doi.org/10.3390/ijms26189173,https://www.mdpi.com/1422-0067/26/18/9173/pdf?version=1758518303,True,True,False,1,84
918,35847229,10.3389/fneur.2022.903721,1664-2295,2022,True,https://doi.org/10.3389/fneur.2022.903721,https://www.frontiersin.org/articles/10.3389/fneur.2022.903721/pdf,True,True,False,1,56
919,16355301,,,2006,False,https://pubmed.ncbi.nlm.nih.gov/16355301,,True,True,False,5,0
920,41006329,10.1038/s41598-025-16175-2,2045-2322,2025,True,https://doi.org/10.1038/s41598-025-16175-2,https://www.nature.com/articles/s41598-025-16175-2.pdf,True,True,False,0,83
